id,disasterType,startDate,endDate,lat,lon,Evacuated,Homeless,Injuries,Deaths,Insured Cost,Home(s) damaged,Home(s) destroyed,Building(s) damaged,Building(s) destroyed,Motor Vehicle(s) damaged,Motor Vehicle(s) destroyed,Business(es) damaged,Business(es) destroyed,Crop(s) destroyed,Livestock destroyed,Government assistance,regions
1,Environmental ,14246,1/16/1939 0:00,-33.1315155,135.5578918,,,,400,,,,,,,,,,,,,Victoria
1,Environmental ,14246,1/16/1939 0:00,-33.1315155,135.5578918,,,,400,,,,,,,,,,,,,New South Wales
1,Environmental ,14246,1/16/1939 0:00,-33.1315155,135.5578918,,,,400,,,,,,,,,,,,,South Australia
2,Industrial ,6/13/1989 0:00,6/13/1989 0:00,-27.79534912,120.7287598,,,,6,,,,,,,,,,,,,Western Australia
3,Industrial ,7/24/1979 0:00,7/24/1979 0:00,-34.19221115,150.7863312,,,,14,,,,,,,,,,,,,New South Wales
4,Transport ,1/18/1977 0:00,1/18/1977 0:00,-33.83146286,151.009964,,,210,83,,,,,,,,,,,,,New South Wales
5,Bushfire ,1/13/1939 0:00,1/14/1939 0:00,-34.42498398,150.8931274,,,,6,,,,,,,,,,,,,New South Wales
6,Urban Fire ,35281,35281,-37.81215668,144.9636536,,36,,9,,,,,,,,,,,,,Victoria
7,Bushfire ,21309,21340,-37.73846054,140.7737122,,,3,8,,,,,,,,,,,,,South Australia
8,Shipwreck ,24/10/1829 00:00:00,24/10/1829 00:00:00,-32.24996948,155.6103516,,,,11,,,,,,,,,,,,,New South Wales
9,Transport ,4/28/2006 0:00,4/28/2006 0:00,-37.43626022,143.4694214,,,18,2,,,,,,,,,,,,,Victoria
10,Industrial ,38965,38965,-33.26222992,138.3563232,,,2,3,,,,,,,,,,,,,South Australia
11,Transport ,39266,39266,-7.789532185,110.4211807,,,12,21,,,,,,,,,,,,,Outside Australia
12,Cyclone,39144,39297,-20.31162643,118.5752563,,,20,3,8000000,,,,,,,,,,,,Western Australia
13,Transport ,3/28/2007 0:00,3/28/2007 0:00,-33.8515625,151.2089539,,,8,4,,,,,,,,,,,,,New South Wales
14,Hail ,10/31/2006 0:00,10/31/2006 0:00,-32.82806015,151.6847076,,,,,51000000,,,,,10000,,,,,,,New South Wales
15,Transport ,3/23/2007 0:00,3/23/2007 0:00,-37.82619095,144.9970398,247,,2,3,,,,,,,,,,,,,Victoria
16,Transport ,39208,39208,-35.76305389,143.9385834,,,14,11,,,,,,,,,,,,,Victoria
17,Severe Storm ,39300,39361,-32.92599487,151.7788696,6000,,,9,1480000000,,,,,,,,,,,,New South Wales
18,Flood ,6/27/2007 0:00,39120,-38.2273941,146.7471313,,,,1,15000000,,,,,,,,,,,,Victoria
19,Industrial ,7/31/1902 0:00,7/31/1902 0:00,-34.43048859,150.818161,,,,96,,,,,,,,,,,,,New South Wales
20,Shipwreck ,22/04/1887 00:00:00,22/04/1887 00:00:00,-18.8387146,120.0476074,,,,140,,,,,,,,,,,,,Western Australia
21,Urban Fire ,9/22/2007 0:00,9/22/2007 0:00,-42.88118362,147.3239594,,,,,50000000,,,,1,,,,,,,,Tasmania
22,Bushfire ,38729,39265,-36.71800995,147.1452179,,,1400,1,,,51,,,,,,,,,,Victoria
23,Hail ,39304,39335,-28.80650711,153.276947,,,17,,97000000,,,,,,,,,,,,New South Wales
24,Severe Storm ,39273,39426,-28.80579758,153.2768707,,,,,97000000,,,,,,,,,,,,Queensland
25,Chemical ,3/23/2004 0:00,3/23/2004 0:00,-12.83351898,131.9443359,,,28,,,,,,,,,,,,,,Northern Territory
26,Urban Fire ,8/22/2004 0:00,8/22/2004 0:00,-34.97860336,138.6230469,,,,,25000000,,,,,,,,,,,,South Australia
27,Chemical ,10/29/2004 0:00,10/29/2004 0:00,-37.6662941,144.8489075,400,,28,,,,,,,,,,,,,,Victoria
28,Hail ,1/21/1986 0:00,1/21/1986 0:00,-33.28357697,149.1012726,,,,,25000000,,,,,100,,,,,,,New South Wales
29,Cyclone,35584,3/24/1997 0:00,-19.39195442,155.8560638,,,20,2,,,,,,,,,,,,,Queensland
30,Transport ,9932,9932,-33.85607147,151.2440948,,,,40,,,,,,,,,,,,,New South Wales
31,Cyclone,1/20/1918 0:00,1/22/1918 0:00,-21.17188644,149.2073364,,,,30,,,,1400,,,,,,,,,Queensland
32,Severe Storm ,6/23/1998 0:00,6/24/1998 0:00,-32.7326355,151.5579376,,,,1,12000000,,,,,,,,,,,,New South Wales
33,Complex Emergencies ,15437,15437,-37.57271194,149.9047546,,,5,37,,,,,,,,,,,,,Victoria
34,Hail ,3/18/1990 0:00,3/18/1990 0:00,-33.91615677,151.0357513,,100,25,,319000000,,,1400,,9000,,,,,,,New South Wales
35,Severe Storm ,1/25/1937 0:00,1/25/1937 0:00,-33.8731575,151.2069397,,,,4,,,,,,,,,,,,,New South Wales
36,Bushfire ,1/19/1997 0:00,1/21/1997 0:00,-37.88122559,145.3422699,800,,40,3,29000000,45,43,,,,,,,,,,Victoria
37,Shipwreck ,28/05/1853 00:00:00,28/05/1853 00:00:00,-38.29532623,144.6224823,,,,5,,,,,,,,,,,,,Victoria
38,Shipwreck ,01/09/1847 00:00:00,01/09/1847 00:00:00,-29.33429718,153.3691406,,,,5,,,,,,,,,,,,,Queensland
39,Shipwreck ,18/04/1860 00:00:00,18/04/1860 00:00:00,-38.2122879,147.4447632,,,,10,,,,,,,,,,,,,Victoria
40,Transport ,33029,33029,-33.54511642,151.2256012,,,93,6,,,,,,,,,,,,,New South Wales
41,Cyclone,1/27/1986 0:00,31534,-17.69570732,146.1140442,,,,3,40000000,,,1500,,,,,,,,,Queensland
42,Cyclone,04/03/1899 00:00:00,10/03/1899 00:00:00,-14.1152668,144.3383789,,,,400,,,,,,,,,,,,,Queensland
43,Epidemic ,3/25/2002 0:00,3/25/2002 0:00,-37.81324387,144.9628906,,,272,,,,,,,,,,,,,,Victoria
44,Transport ,8/13/1989 0:00,8/13/1989 0:00,-23.905299,133.905144,,,,13,,,,,,,,,,,,,Northern Territory
45,Shipwreck ,12/26/1935 0:00,12/26/1935 0:00,-39.15988159,146.2939453,,,,31,,,,,,,,,,,,,Victoria
46,Cyclone,24507,24566,-27.7224369,157.7197266,,,,6,,,,,,,,,,,,,Queensland
47,Shipwreck ,18/03/1846 00:00:00,18/03/1846 00:00:00,-20.98195648,159.0161133,,,,21,,,,,,,,,,,,,Queensland
48,Severe Storm ,28765,28796,-32.92599487,151.7788696,,,8,,15000000,,,,,,,,,,,,New South Wales
49,Shipwreck ,11/19/1941 0:00,11/19/1941 0:00,-22.2687645,111.2695313,,,,645,,,,,,,,,,,,,Outside Australia
50,Flood ,4/21/1990 0:00,4/30/1990 0:00,-31.54109001,147.1975708,,5000,,6,30000000,,,,,,,,,,,,New South Wales
50,Flood ,4/21/1990 0:00,4/30/1990 0:00,-31.54109001,147.1975708,,5000,,6,30000000,,,,,,,,,,,,Victoria
50,Flood ,4/21/1990 0:00,4/30/1990 0:00,-31.54109001,147.1975708,,5000,,6,30000000,,,,,,,,,,,,Queensland
51,Shipwreck ,14/06/1876 00:00:00,14/06/1876 00:00:00,-37.66126633,140.1385193,,,,30,,,,,,,,,,,,,South Australia
52,Transport ,32549,32549,-34.92675781,138.5994873,,,78,,,,,,,,,,,,,,South Australia
53,Complex Emergencies ,2/19/1942 0:00,2/19/1942 0:00,-12.47060394,130.8434753,,,400,243,,,,,,,,,,,,,Northern Territory
54,Transport ,1/13/1996 0:00,1/13/1996 0:00,-31.530181,118.078705,,,1,2,,,,,,,,,,,,,Western Australia
55,Shipwreck ,01/04/1848 00:00:00,01/04/1848 00:00:00,-42.88973618,147.347641,,,,3,,,,,,,,,,,,,Tasmania
56,Shipwreck ,11/20/1940 0:00,11/20/1940 0:00,-38.28919601,144.6871033,,,,24,,,,,,,,,,,,,Victoria
57,Shipwreck ,26550,26550,-37.8773613,144.9148254,,,,5,,,,,,,,,,,,,Victoria
58,Earthquake ,12/28/1989 0:00,12/29/1989 0:00,-32.92592239,151.7787018,,,160,13,862000000,40000,,50000,,,,,,,,,New South Wales
59,Severe Storm ,35916,35916,-31.53523827,147.1920776,,,1,,12000000,77,4,,,,,,,,,,New South Wales
60,Environmental ,3543,3928,-33.87330246,151.2070618,,,,109,,,,,,,,,,,,,Queensland
60,Environmental ,3543,3928,-33.87330246,151.2070618,,,,109,,,,,,,,,,,,,New South Wales
60,Environmental ,3543,3928,-33.87330246,151.2070618,,,,109,,,,,,,,,,,,,Tasmania
60,Environmental ,3543,3928,-33.87330246,151.2070618,,,,109,,,,,,,,,,,,,Australian Capital Territory
60,Environmental ,3543,3928,-33.87330246,151.2070618,,,,109,,,,,,,,,,,,,Northern Territory
60,Environmental ,3543,3928,-33.87330246,151.2070618,,,,109,,,,,,,,,,,,,South Australia
60,Environmental ,3543,3928,-33.87330246,151.2070618,,,,109,,,,,,,,,,,,,Western Australia
60,Environmental ,3543,3928,-33.87330246,151.2070618,,,,109,,,,,,,,,,,,,Victoria
61,Cyclone,05/03/1887 00:00:00,05/03/1887 00:00:00,-17.73102951,139.54216,,,,7,,,,,,,,,,,,,Queensland
62,Industrial ,16439,16439,-27.60289574,152.7519379,,,,4,,,,,,,,,,,,,Queensland
63,Bushfire ,12/27/1993 0:00,1/16/1994 0:00,-29.58524513,152.7775879,,,,4,59000000,,206,,,,,,,,,,New South Wales
64,Shipwreck ,21/07/1874 00:00:00,21/07/1874 00:00:00,-34.57414627,139.5933075,,,1,3,,,,,,,,,,,,,South Australia
65,Shipwreck ,19/10/1887 00:00:00,19/10/1887 00:00:00,-38.31795502,144.5896912,,,24,35,,,,,,,,,,,,,Victoria
66,Flood ,4/24/1974 0:00,4/24/1974 0:00,-33.75153351,150.6912231,,,,1,20000000,,,,,,,,,,,,New South Wales
67,Flood ,2/20/1929 0:00,2/28/1929 0:00,-23.37712288,150.5100708,100,,,3,,,,,,,,,,,,,Queensland
68,Bushfire ,1/14/1962 0:00,2/16/1962 0:00,-37.85620117,145.3159332,,2500,,8,,,454,,,,,,,,,,Victoria
69,Severe Storm ,11/16/1989 0:00,11/16/1989 0:00,-37.56158829,143.8562317,,,,,20000000,,,,,,,,,,,,Victoria
70,Flood ,28765,28765,-33.59460449,150.7513123,,,,6,15000000,,,,,,,,,,,,New South Wales
71,Shipwreck ,08/05/1891 00:00:00,08/05/1891 00:00:00,-38.47939682,144.669342,,,,6,,,,,,,,,,,,,Victoria
72,Chemical ,8/17/1987 0:00,8/17/1987 0:00,-16.92261696,145.7739868,,,27,1,,,,,,,,,,,,,Queensland
73,Shipwreck ,14/10/1841 00:00:00,14/10/1841 00:00:00,-35.84926605,150.1885986,,,,12,,,,,,,,,,,,,New South Wales
74,Flood ,35069,35313,-27.37176704,150.4907227,,,20,5,31000000,,,,,,,,,,,,New South Wales
74,Flood ,35069,35313,-27.37176704,150.4907227,,,20,5,31000000,,,,,,,,,,,,Queensland
75,Flood ,25/06/1852 00:00:00,25/06/1852 00:00:00,-35.06316376,148.1075439,,160,,89,,,,,,,,,,,,,New South Wales
76,Chemical ,11/18/2001 0:00,11/18/2001 0:00,-20.65744209,116.7032547,,,,8,,,,,,,,,,,,,Western Australia
77,Criminal Act ,2/13/1978 0:00,2/13/1978 0:00,-33.87180328,151.2081451,,,,3,,,,,,,,,,,,,New South Wales
78,Transport ,1/28/1908 0:00,1/28/1908 0:00,-37.908958,145.354013,,,40,,,,,,,,,,,,,,Victoria
79,Transport ,7/18/1910 0:00,7/18/1910 0:00,-33.59674835,150.7526855,,,114,9,,,,,,,,,,,,,Victoria
80,Transport ,8/23/1963 0:00,8/23/1963 0:00,-32.3973732,148.8305359,,,22,,,,,,,,,,,,,,New South Wales
81,Earthquake ,10/05/1897 00:00:00,10/05/1897 00:00:00,-37.16278076,139.7553558,,,50,,,,,,,,,,,,,,South Australia
82,Shipwreck ,03/09/1880 00:00:00,03/09/1880 00:00:00,-38.88301468,143.524704,,,,4,,,,,,,,,,,,,Victoria
83,Transport ,10/25/1938 0:00,10/25/1938 0:00,-37.83002472,145.3504333,,,,18,,,,,,,,,,,,,Victoria
84,Transport ,5/30/1949 0:00,5/30/1949 0:00,-33.79455185,151.2841339,,,33,4,,,,,,1,,,,,,,New South Wales
85,Shipwreck ,30/05/1886 00:00:00,30/05/1886 00:00:00,-37.54811478,149.9024353,,,16,71,,,,,,,,,,,,,New South Wales
86,Shipwreck ,8983,8983,-38.29640579,144.6350098,,,,6,,,,,,,,,,,,,Victoria
87,Bushfire ,27041,27396,-31.49797058,145.8381958,,,,3,,,,,,,,,,,50000,,New South Wales
88,Severe Storm ,1/15/2001 0:00,1/15/2001 0:00,-33.84646606,151.2307587,,,,,12000000,,,,,,,,,,,,New South Wales
89,Shipwreck ,23/12/1837 00:00:00,23/12/1837 00:00:00,-32.92840958,151.8066864,,,,3,,,,,,,,,,,,,New South Wales
90,Shipwreck ,11/09/1876 00:00:00,12/09/1876 00:00:00,-35.16117859,150.782547,,,,44,,,,,,,,,,,,,New South Wales
91,Flood ,33421,33544,-27.99690247,152.6821594,,,10,3,,,,,,,,,,,,,Queensland
92,Shipwreck ,3/29/1923 0:00,3/29/1923 0:00,-14.47723389,140.7348633,,,,20,,,,,,,,,,,,,Outside Australia
93,Hail ,34769,34861,-27.47093391,153.0234985,,,,1,40000000,300,,,,,,,,,,,Queensland
94,Shipwreck ,02/08/1863 00:00:00,02/08/1863 00:00:00,-38.34098434,141.614563,,,,6,,,,,,,,,,,,,Victoria
95,Environmental ,29955,30319,-28.92163086,145.612793,,,,,3000000000,,,,,,,,,,,,Tasmania
95,Environmental ,29955,30319,-28.92163086,145.612793,,,,,3000000000,,,,,,,,,,,,Queensland
95,Environmental ,29955,30319,-28.92163086,145.612793,,,,,3000000000,,,,,,,,,,,,New South Wales
95,Environmental ,29955,30319,-28.92163086,145.612793,,,,,3000000000,,,,,,,,,,,,Australian Capital Territory
95,Environmental ,29955,30319,-28.92163086,145.612793,,,,,3000000000,,,,,,,,,,,,Northern Territory
95,Environmental ,29955,30319,-28.92163086,145.612793,,,,,3000000000,,,,,,,,,,,,South Australia
95,Environmental ,29955,30319,-28.92163086,145.612793,,,,,3000000000,,,,,,,,,,,,Western Australia
95,Environmental ,29955,30319,-28.92163086,145.612793,,,,,3000000000,,,,,,,,,,,,Victoria
96,Shipwreck ,21/03/1852 00:00:00,21/03/1852 00:00:00,-38.278012,144.636812,,,,9,,,,,,,,,,,,,Victoria
97,Epidemic ,6576,12/31/1919 0:00,-37.81215668,144.9628906,,,,10000,,,,,,,,,,,,,Australian Capital Territory
97,Epidemic ,6576,12/31/1919 0:00,-37.81215668,144.9628906,,,,10000,,,,,,,,,,,,,Northern Territory
97,Epidemic ,6576,12/31/1919 0:00,-37.81215668,144.9628906,,,,10000,,,,,,,,,,,,,Queensland
97,Epidemic ,6576,12/31/1919 0:00,-37.81215668,144.9628906,,,,10000,,,,,,,,,,,,,New South Wales
97,Epidemic ,6576,12/31/1919 0:00,-37.81215668,144.9628906,,,,10000,,,,,,,,,,,,,South Australia
97,Epidemic ,6576,12/31/1919 0:00,-37.81215668,144.9628906,,,,10000,,,,,,,,,,,,,Western Australia
97,Epidemic ,6576,12/31/1919 0:00,-37.81215668,144.9628906,,,,10000,,,,,,,,,,,,,Tasmania
97,Epidemic ,6576,12/31/1919 0:00,-37.81215668,144.9628906,,,,10000,,,,,,,,,,,,,Victoria
98,Urban Fire ,10/27/1948 0:00,10/27/1948 0:00,-34.92608643,138.5995636,,,,5,,,,,,,,,,,,,South Australia
99,Shipwreck ,17/05/1866 00:00:00,17/05/1866 00:00:00,-37.50918198,149.9960022,,,1,9,,,,,,,,,,,,,Victoria
100,Flood ,08/02/1860 00:00:00,13/02/1860 00:00:00,-35.440813,149.798584,,,,24,,,,,,,,,,,,,New South Wales
101,Transport ,1/20/1944 0:00,1/20/1944 0:00,-33.54708099,151.2264252,,,5,17,,,,,,,1,,,,,,New South Wales
102,Environmental ,6576,7337,-28.13012886,137.2961426,,,,,,,,,,,,,,,,,Northern Territory
102,Environmental ,6576,7337,-28.13012886,137.2961426,,,,,,,,,,,,,,,,,Queensland
102,Environmental ,6576,7337,-28.13012886,137.2961426,,,,,,,,,,,,,,,,,New South Wales
102,Environmental ,6576,7337,-28.13012886,137.2961426,,,,,,,,,,,,,,,,,Australian Capital Territory
102,Environmental ,6576,7337,-28.13012886,137.2961426,,,,,,,,,,,,,,,,,South Australia
102,Environmental ,6576,7337,-28.13012886,137.2961426,,,,,,,,,,,,,,,,,Western Australia
102,Environmental ,6576,7337,-28.13012886,137.2961426,,,,,,,,,,,,,,,,,Tasmania
102,Environmental ,6576,7337,-28.13012886,137.2961426,,,,,,,,,,,,,,,,,Victoria
103,Bushfire ,18994,18996,-36.68604279,147.1508789,,,,10,,,,,,,,,,,,,Victoria
104,Criminal Act ,26879,26879,-27.45536041,153.032196,,,,15,,,,,,,,,,,,,Queensland
105,Cyclone,12/31/1993 0:00,1/25/1994 0:00,-9.860628128,162.4987793,,,,4,,100,,,,,,,,,,,Queensland
106,Transport ,27761,27761,-34.788396,138.634071,,,,5,,,,,,,,,,,,,South Australia
107,Flood ,11/30/1934 0:00,12462,-37.81361008,144.9630585,,,,36,,,400,,,,,,,,,,Victoria
108,Transport ,18999,18999,-37.86028671,145.2844086,,,,9,,,,,,,,,,,,,Victoria
109,Shipwreck ,16590,16590,-35.02999496,101.3818359,,,,32,,,,,,,,,,,,,Western Australia
110,Transport ,1/25/1972 0:00,1/25/1972 0:00,-30.59736,138.421984,,,,4,,,,,,,,,,,,,South Australia
111,Shipwreck ,6/18/1909 0:00,3629,-32.56533432,152.4462891,,,,17,,,,,,,,,,,,,New South Wales
112,Transport ,25/01/1885 00:00:00,25/01/1885 00:00:00,-34.6529808,148.0146027,,,20,7,,,,,,,,,,,,,New South Wales
113,Shipwreck ,01/05/1857 00:00:00,01/05/1857 00:00:00,-27.16303062,153.356781,,,,16,,,,,,,,,,,,,Queensland
114,Flood ,1/25/1974 0:00,27033,-27.47084808,153.0234222,,,,14,68000000,,,,,,,,,,,,Tasmania
114,Flood ,1/25/1974 0:00,27033,-27.47084808,153.0234222,,,,14,68000000,,,,,,,,,,,,Queensland
114,Flood ,1/25/1974 0:00,27033,-27.47084808,153.0234222,,,,14,68000000,,,,,,,,,,,,New South Wales
114,Flood ,1/25/1974 0:00,27033,-27.47084808,153.0234222,,,,14,68000000,,,,,,,,,,,,South Australia
114,Flood ,1/25/1974 0:00,27033,-27.47084808,153.0234222,,,,14,68000000,,,,,,,,,,,,Victoria
116,Chemical ,2/15/2001 0:00,2/17/2001 0:00,-31.89971161,116.0260544,100,,130,,,,,,,,,,,,,,Western Australia
117,Flood ,12/26/1999 0:00,12/28/1999 0:00,-37.73792267,144.9650879,,100,,,10000000,,,,,,,,,,,,Victoria
118,Severe Storm ,8/31/1996 0:00,8/31/1996 0:00,-34.23423004,150.9191895,,,,,10000000,,,,,,,,,,,,New South Wales
119,Industrial ,2/15/1937 0:00,2/15/1937 0:00,-38.60572815,145.5885315,,,,13,,,,,,,,,,,,,Victoria
120,Transport ,36893,36893,-35.08058548,150.526001,,,35,1,,,,,,1,2,,,,,,New South Wales
121,Transport ,3/13/1974 0:00,3/13/1974 0:00,-33.89827728,150.994812,,,,4,,,,,,,,,,,,,New South Wales
122,Flood ,12/23/1990 0:00,33420,-18.16151047,139.9163818,,,,6,32000000,,,,,,,,,,,,Queensland
123,Bushfire ,9/29/1917 0:00,9/29/1917 0:00,-20.82608414,144.2017365,,,,3,,,,,,,,,,,,,Queensland
124,Industrial ,11/13/1901 0:00,11/13/1901 0:00,-32.97655487,151.7085724,,,,3,,,,,,,,,,,,,New South Wales
125,Bushfire ,2193,2/15/1906 0:00,-38.60105896,146.3005219,,,,12,,,,,,,,,,,,,Victoria
126,Shipwreck ,12/07/1866 00:00:00,12/07/1866 00:00:00,-33.2800293,151.6387939,,,,62,,,,,,,,,,,,,New South Wales
127,Flood ,36648,2/28/2000 0:00,-16.92339897,145.7738495,,,10,,12000000,,,,,,,,,,,,Queensland
128,Cyclone,12/24/1971 0:00,12/27/1971 0:00,-19.25200272,146.8206024,,,25,3,25000000,1000,,,,,,,,,,,Queensland
129,Bushfire ,10/26/1951 0:00,1/31/1952 0:00,-35.11680222,147.3616333,,,,13,,,,,,,,,,,10000,,New South Wales
130,Severe Storm ,12756,3/13/1934 0:00,-16.07979584,145.4644775,,,,75,,,,,,,,,,,,,Queensland
131,Bushfire ,2/16/1983 0:00,2/18/1983 0:00,-37.40233612,144.5871124,,9000,1500,75,176000000,,2000,,,,,,,,30000,,Victoria
131,Bushfire ,2/16/1983 0:00,2/18/1983 0:00,-37.40233612,144.5871124,,9000,1500,75,176000000,,2000,,,,,,,,30000,,South Australia
132,Flood ,14796,14858,-20.61478996,146.9641113,,,,3,,,,,,,,,,,,,Queensland
133,Flood ,4/25/1989 0:00,4/30/1989 0:00,-26.1891,152.66593,,,,3,,,,,,,,,,,,,Queensland
134,Flood ,28/07/1857 00:00:00,29/07/1857 00:00:00,-32.707578,151.575108,,,,26,,,,,,,,,,,,,New South Wales
135,Industrial ,22291,22291,-37.81599045,144.9641266,,,,3,,,,,,,,,,,,,Victoria
136,Severe Storm ,36962,36962,-33.59631729,150.7569733,,,,2,30000000,,,,,,,,,,,,New South Wales
137,Shipwreck ,06/10/1864 00:00:00,06/10/1864 00:00:00,-37.77695847,149.4868469,,,4,4,,,,,,,,,,,,,Victoria
138,Shipwreck ,1/29/1937 0:00,1/29/1937 0:00,-37.85510254,144.9261017,,,,5,,,,,,,,,,,,,Victoria
139,Criminal Act ,32028,32028,-37.78858948,144.9954071,,,19,7,,,,,,,,,,,,,Victoria
140,Bushfire ,25416,25447,-38.0235939,144.4078674,,800,100,23,,,230,,21,,,,,,,,Victoria
141,Shipwreck ,27008,27008,-43.04982376,148.0723572,,,,3,,,,,,,,,,,,,Tasmania
142,Flood ,26/02/1854 00:00:00,22/03/1854 00:00:00,-42.881279,147.323914,,,,,,,,,,,,,,,,,Tasmania
143,Shipwreck ,08/12/1863 00:00:00,08/12/1863 00:00:00,-34.01965714,140.8323669,,,,4,,,,,,,,,,,,,South Australia
144,Transport ,36203,36203,-33.76890945,150.6204834,,,51,7,,,,,,,,,,,,,New South Wales
145,Industrial ,10/21/1966 0:00,10/21/1966 0:00,-33.17276001,151.4848175,,,,5,,,,,,,,,,,,,New South Wales
146,Transport ,5/15/1984 0:00,5/15/1984 0:00,-34.80872726,149.7335205,,,,4,,2,,,,,,,,,,,New South Wales
147,Transport ,3/13/1996 0:00,3/13/1996 0:00,-35.02310944,117.8846741,,,,4,,,,,,,,,,,,,Western Australia
148,Shipwreck ,21/03/1876 00:00:00,21/03/1876 00:00:00,-18.23978615,146.4511871,,,,7,,,,,,,,,,,,,Queensland
149,Shipwreck ,01/02/1858 00:00:00,01/02/1858 00:00:00,-39.15828323,146.3859558,,,,50,,,,,,,,,,,,,Victoria
150,Severe Storm ,36349,36472,-36.33946609,148.5736084,,,,4,,,,,,,,,,,,,New South Wales
151,Bushfire ,10/15/1968 0:00,24909,-33.59318924,150.5356445,,,,14,,,,,,,,,,,,,New South Wales
152,Environmental ,35074,9/30/2000 0:00,-38.33088303,141.6000366,,,,,,,,,,,,,,,,,Tasmania
152,Environmental ,35074,9/30/2000 0:00,-38.33088303,141.6000366,,,,,,,,,,,,,,,,,Victoria
152,Environmental ,35074,9/30/2000 0:00,-38.33088303,141.6000366,,,,,,,,,,,,,,,,,South Australia
153,Shipwreck ,08/09/1870 00:00:00,08/09/1870 00:00:00,-38.86644363,145.7803345,,,1,7,,,,,,,,,,,,,Victoria
154,Bushfire ,24655,24655,-43.16512299,146.2417603,,,,62,14000000,,1400,,,,,,,,20000,,Tasmania
156,Transport ,12/22/1989 0:00,12/22/1989 0:00,-30.94066048,152.9444427,,,41,35,,,,,,,2,,,,,,New South Wales
157,Flood ,01/01/1860 00:00:00,01/01/1860 00:00:00,-34.867905,150.596981,,,,16,,,,,,,,,,,,,New South Wales
158,Environmental ,4750,12/31/1915 0:00,-35.33641434,143.5621185,,,,,,,,,,,,,,,,,Northern Territory
158,Environmental ,4750,12/31/1915 0:00,-35.33641434,143.5621185,,,,,,,,,,,,,,,,,Queensland
158,Environmental ,4750,12/31/1915 0:00,-35.33641434,143.5621185,,,,,,,,,,,,,,,,,New South Wales
158,Environmental ,4750,12/31/1915 0:00,-35.33641434,143.5621185,,,,,,,,,,,,,,,,,Australian Capital Territory
158,Environmental ,4750,12/31/1915 0:00,-35.33641434,143.5621185,,,,,,,,,,,,,,,,,South Australia
158,Environmental ,4750,12/31/1915 0:00,-35.33641434,143.5621185,,,,,,,,,,,,,,,,,Western Australia
158,Environmental ,4750,12/31/1915 0:00,-35.33641434,143.5621185,,,,,,,,,,,,,,,,,Tasmania
158,Environmental ,4750,12/31/1915 0:00,-35.33641434,143.5621185,,,,,,,,,,,,,,,,,Victoria
159,Shipwreck ,09/09/1876 00:00:00,09/09/1876 00:00:00,-38.94766235,146.1682892,,,2,7,,,,,,,,,,,,,Victoria
160,Transport ,3775,3775,-37.42661667,143.3877106,,,1,3,,,,,,,,,,,,,Victoria
161,Shipwreck ,13/10/1857 00:00:00,13/10/1857 00:00:00,-38.3000412,144.6065216,,,,4,,,,,,,,,,,,,Victoria
162,Transport ,25386,25386,-36.64189529,145.7070618,,,40,9,,,,,,,,,,,,,Victoria
163,Shipwreck ,20/08/1857 00:00:00,20/08/1857 00:00:00,-33.85188675,151.2542725,,,,121,,,,,,,,,,,,,New South Wales
164,Shipwreck ,01/08/1826 00:00:00,01/08/1826 00:00:00,-33.51391983,151.2240601,,,,3,,,,,,,,,,,,,New South Wales
165,Shipwreck ,6/24/1933 0:00,6/24/1933 0:00,-37.56570435,149.9029999,,,,18,,,,,,,,,,,,,Victoria
166,Shipwreck ,24/12/1875 00:00:00,24/12/1875 00:00:00,-21.91247177,114.2248535,,,,57,,,,,,,,,,,,,Western Australia
167,Shipwreck ,5/16/1943 0:00,5/16/1943 0:00,-34.59761047,150.9013367,,,,4,,,,,,,,,,,,,New South Wales
168,Shipwreck ,3/16/1945 0:00,3/16/1945 0:00,-16.4992981,146.1621094,,,,72,,,,,,,,,,,,,Queensland
170,Shipwreck ,13/01/1854 00:00:00,13/01/1854 00:00:00,-39.12579727,146.2609863,,,,5,,,,,,,,,,,,,Victoria
171,Industrial ,9/20/1975 0:00,9/20/1975 0:00,-24.5621109,149.9695587,,,,13,,,,,,,,,,,,,Queensland
172,Shipwreck ,6/25/1956 0:00,6/25/1956 0:00,-39.59299088,146.4367676,,,,8,,,,,,,,,,,,,Victoria
173,Severe Storm ,36072,36072,-27.61335373,152.7585449,,,,3,,,,,,,,,,,,,Queensland
174,Shipwreck ,21/05/1836 00:00:00,21/05/1836 00:00:00,-24.96614075,152.7703857,,,8,10,,,,,,,,,,,,,Queensland
175,Shipwreck ,12/07/1899 00:00:00,12/07/1899 00:00:00,-32.05973816,115.7182236,,,,33,,,,,,,,,,,,,Western Australia
176,Shipwreck ,18/10/1881 00:00:00,18/10/1881 00:00:00,-37.58675766,149.8890533,,,,22,,,,,,,,,,,,,New South Wales
177,Cyclone,27618,27649,-13.41099358,125.859375,,20,,,20000000,,,,,,,,,,,,Western Australia
178,Shipwreck ,11/04/1846 00:00:00,11/04/1846 00:00:00,-39.010648,146.163483,,,1,14,,,,,,,,,,,,,Victoria
179,Shipwreck ,28/12/1893 00:00:00,28/12/1893 00:00:00,-39.09809494,146.6921997,,,1,15,,,,,,,,,,,,,Victoria
180,Hail ,28004,28004,-27.56375313,151.9540558,,,,,12000000,,,,,,,,,,,,Queensland
181,Flood ,1/16/1950 0:00,1/19/1950 0:00,-28.32561302,153.395401,,,,10,,8000,,,,,,,,,1000,,New South Wales
182,Shipwreck ,13/07/1888 00:00:00,13/07/1888 00:00:00,-35.28150177,138.416748,,,,17,,,,,,,,,,,,,South Australia
183,Shipwreck ,02/06/1864 00:00:00,02/06/1864 00:00:00,-32.39851761,152.5012207,,,2,7,,,,,,,,,,,,,New South Wales
184,Chemical ,35920,35920,-31.99642944,115.6283569,,,9,4,,,,,,,,,,,,,Western Australia
185,Transport ,2/15/1901 0:00,2/15/1901 0:00,-33.92403412,151.1565094,,,30,7,,,,,,,,,,,,,New South Wales
186,Flood ,37137,37198,-27.96529579,153.3924866,50,,,2,37000000,707,,,,166,,,,,,,Queensland
187,Shipwreck ,20/12/1837 00:00:00,20/12/1837 00:00:00,-37.77695465,149.4868469,,,12,7,,,,,,,,,,,,,Victoria
188,Severe Storm ,31575,31636,-34.92745972,138.5999908,,50,,,10000000,,,,,,,,,,,,South Australia
189,Shipwreck ,30/11/1876 00:00:00,30/11/1876 00:00:00,-33.97399902,114.9775772,,,,12,,,,,,,,,,,,,Western Australia
190,Transport ,28770,28770,-37.71876144,144.897049,,,4,6,,2,1,,,,,,,,,,Victoria
191,Severe Storm ,28014,28014,-33.85551834,150.862793,,,10,,732000000,,,,,,,,,,,,New South Wales
192,Hail ,35381,35381,-32.56196976,151.1753235,,,,,49000000,700,,,,2000,50,,,,,,New South Wales
193,Flood ,01/02/1870 00:00:00,01/02/1870 00:00:00,-22.81669426,147.6480103,,,,15,,,,,,,,,,,,,Queensland
194,Epidemic ,1/19/1900 0:00,9133,-33.87497711,151.2158203,,,1371,535,,,,,,,,,,,,,Queensland
194,Epidemic ,1/19/1900 0:00,9133,-33.87497711,151.2158203,,,1371,535,,,,,,,,,,,,,New South Wales
194,Epidemic ,1/19/1900 0:00,9133,-33.87497711,151.2158203,,,1371,535,,,,,,,,,,,,,South Australia
194,Epidemic ,1/19/1900 0:00,9133,-33.87497711,151.2158203,,,1371,535,,,,,,,,,,,,,Western Australia
194,Epidemic ,1/19/1900 0:00,9133,-33.87497711,151.2158203,,,1371,535,,,,,,,,,,,,,Victoria
195,Bushfire ,10/16/1991 0:00,1/31/1992 0:00,-33.65120697,151.0015869,,,,2,12000000,,14,,,,,,,,,,New South Wales
196,Bushfire ,1/14/1985 0:00,1/28/1985 0:00,-37.04653931,143.736969,,600,,3,,,180,,,,,,,,46000,,Victoria
197,Environmental ,18629,19728,-25.16517258,143.6572266,,,,,,,,,,,,,,,100000,,Western Australia
198,Transport ,7468,7468,-33.17391205,115.8625031,,,,9,,,,,,,,,,,,,Western Australia
199,Industrial ,8410,8410,-32.84729004,151.3215637,,,,21,,,,,,,,,,,,,New South Wales
200,Criminal Act ,32001,32001,-37.8139801,144.9599915,,,5,9,,,,,,,,,,,,,Victoria
201,Flood ,8/17/1998 0:00,8/19/1998 0:00,-34.42443466,150.8930969,,,,1,40000000,50,,,,,,,,,,,New South Wales
202,Complex Emergencies ,27515,27515,-42.94033813,147.3829651,,,,12,,,,,,,,,,,,,Tasmania
203,Shipwreck ,08/12/1886 00:00:00,08/12/1886 00:00:00,-30.23798943,153.1813049,,,,40,,,,,,,,,,,,,New South Wales
204,Complex Emergencies ,5/14/1943 0:00,5/14/1943 0:00,-26.97470856,153.432312,,,,268,,,,,,,,,,,,,Queensland
205,Transport ,9776,9776,-32.16685867,150.8920288,,,39,4,,,,,,,,,,,,,New South Wales
206,Bushfire ,9499,9773,-37.75360107,145.6890869,,700,,60,,,,,,,,,,,,,Victoria
207,Shipwreck ,8/21/1920 0:00,8/21/1920 0:00,-35.16931915,150.803833,,,,12,,,,,,,,,,,,,Victoria
208,Transport ,35984,35984,-34.83846283,148.9116058,,,19,3,,,,,,,,,,,,,New South Wales
209,Shipwreck ,01/01/1753 00:00:00,01/01/1753 00:00:00,-33.30011749,115.6585693,,,,100,,,,,,,,,,,,,Western Australia
210,Bushfire ,35838,35838,-37.68438339,143.5633545,,,,5,,,,,,,2,,,,,,Victoria
211,Transport ,12/23/1984 0:00,12/23/1984 0:00,-16.12482,123.782787,,,,6,,,,,,,,,,,,,Western Australia
212,Flood ,1/25/1974 0:00,1/29/1974 0:00,-27.4712677,153.0091705,2500,,300,13,68000000,6000,56,,,,,,,,,,Queensland
213,Hail ,4/14/1999 0:00,4/14/1999 0:00,-33.9096756,151.2230225,,500,50,1,1700000000,20000,,2500,,40000,,2000,,,,,New South Wales
214,Shipwreck ,14/09/1852 00:00:00,14/09/1852 00:00:00,-38.29613495,144.5859222,,,,14,,,,,,,,,,,,,Victoria
215,Complex Emergencies ,10/22/1985 0:00,10/22/1985 0:00,-12.4713583,130.8701324,,,60,3,,,,,,,,,,,,,Outside Australia
216,Shipwreck ,249,249,-38.33506012,144.6839294,,,,23,,,,,,,,,,,,,Victoria
217,Flood ,01/02/1893 00:00:00,15/02/1893 00:00:00,-27.61281967,152.7580261,,5000,300,35,,,,,,,,,,,,,Queensland
218,Cyclone,2/28/1969 0:00,25449,-12.05006504,134.2199707,,,,4,,,,,,,,,,,,,Northern Territory
219,Hail ,31481,31481,-33.81459808,151.0031281,,120,10,,104000000,,,,,,,,,,,,New South Wales
220,Shipwreck ,19/05/1842 00:00:00,20/05/1842 00:00:00,-32.7087326,152.2990112,,,,5,,,,,,,,,,,,,New South Wales
221,Shipwreck ,3/25/1911 0:00,3/25/1911 0:00,-38.2683754,147.5079346,,,,31,,,,,,,,,,,,,Victoria
222,Cyclone,3/27/1972 0:00,26333,-23.41284752,150.8175659,,,,8,,,,,,,,,,,,,Queensland
223,Transport ,6/21/1987 0:00,6/21/1987 0:00,-24.86404991,152.3483582,,,1,4,,,,,,,,,,,,,Queensland
224,Bushfire ,9/27/1994 0:00,34526,-27.08205414,152.9538879,3000,,9,,59100000,,23,,,,,,,,,,Queensland
225,Shipwreck ,23/09/1896 00:00:00,23/09/1896 00:00:00,-37.80695343,148.5411224,,,3,4,,,,,,,,,,,,,Victoria
226,Shipwreck ,15/05/1853 00:00:00,15/05/1853 00:00:00,-37.55485153,149.8433075,,,,37,,,,,,,,,,,,,Victoria
227,Shipwreck ,13/01/1835 00:00:00,13/01/1835 00:00:00,-33.84646606,151.2927246,,,,3,,,,,,,,,,,,,New South Wales
228,Industrial ,7/16/1986 0:00,7/16/1986 0:00,-24.55961037,149.9702454,,,,12,,,,,,,,,,,,,Queensland
229,Transport ,12/24/1928 0:00,12/24/1928 0:00,-38.19873047,145.4858093,,,54,,,,,,,,,,,,,,Victoria
230,Urban Fire ,29104,29104,-33.87269592,151.2069855,,,,7,,,,,,,,,,,,,New South Wales
231,Industrial ,27158,27158,-42.89118576,147.326828,,,17,8,,,,1,,,,,,,,,Tasmania
232,Industrial ,35224,35224,-33.70070648,136.4931488,,,50,,,,,,,,,,,,,,South Australia
233,Earthquake ,19727,19727,-34.97600174,138.6254883,,,3,,,,,3000,,,,,,,,,South Australia
234,Shipwreck ,26/08/1862 00:00:00,26/08/1862 00:00:00,-39.01918411,142.3608398,,,1,12,,,,,,,,,,,,,Victoria
235,Bushfire ,20121,20121,-35.00764465,138.7087402,,,,2,,,,,,,,,,,,,South Australia
236,Industrial ,26299,26299,-33.34960175,150.0548706,,,,3,,,,,,,,,,,,,New South Wales
237,Cyclone,2/24/1995 0:00,2/27/1995 0:00,-21.63766289,115.1149368,,,,8,11000000,20,,,,,,,,,,,Western Australia
238,Complex Emergencies ,12/26/1998 0:00,12/30/1998 0:00,-39.32579803,145.8325195,,,70,6,5000000,,,,,,,,,,,,Victoria
239,Bushfire ,9/16/1918 0:00,12/30/1918 0:00,-23.44151306,144.2484283,,,,5,,,,,,,,,,,,,Queensland
240,Hail ,17168,17168,-33.81110382,151.2130737,,,300,,,,,,,,,,,,,,New South Wales
241,Shipwreck ,28/05/1853 00:00:00,28/05/1853 00:00:00,-38.32011032,144.6295166,,,,4,,,,,,,,,,,,,Victoria
242,Shipwreck ,7/14/1912 0:00,7/14/1912 0:00,-32.28712845,152.677002,,,,5,,,,,,,,,,,,,New South Wales
243,Shipwreck ,3/21/1901 0:00,3/21/1901 0:00,-37.5698204,149.9055786,,,,21,,,,,,,,,,,,,Victoria
244,Transport ,34375,34375,-31.57853508,156.8518066,,,,9,,,,,,,,,,,,,New South Wales
245,Bushfire ,12/24/2001 0:00,37561,-35.05125809,150.6684265,11000,,,,69000000,40,109,,443,,222,,,,7043,,New South Wales
245,Bushfire ,12/24/2001 0:00,37561,-35.05125809,150.6684265,11000,,,,69000000,40,109,,443,,222,,,,7043,,Australian Capital Territory
246,Shipwreck ,11969,11969,-38.7717514,143.7193756,,,,10,,,,,,,,,,,,,Victoria
247,Earthquake ,34493,34493,-32.78034592,151.3469696,,,,,37200000,,,,,,,,,,,,New South Wales
248,Flood ,30905,30905,-33.85963821,151.2046814,,,,,80000000,,,,,,,,,,,,New South Wales
249,Environmental ,9/19/1998 0:00,9/23/1998 0:00,-31.47698784,118.2832718,,,,,,,,,,,,,,,,,Western Australia
250,Epidemic ,10959,21551,-27.47023964,153.0234222,,,40000,,,,,,,,,,,,,,Queensland
250,Epidemic ,10959,21551,-27.47023964,153.0234222,,,40000,,,,,,,,,,,,,,New South Wales
250,Epidemic ,10959,21551,-27.47023964,153.0234222,,,40000,,,,,,,,,,,,,,Australian Capital Territory
250,Epidemic ,10959,21551,-27.47023964,153.0234222,,,40000,,,,,,,,,,,,,,South Australia
250,Epidemic ,10959,21551,-27.47023964,153.0234222,,,40000,,,,,,,,,,,,,,Western Australia
250,Epidemic ,10959,21551,-27.47023964,153.0234222,,,40000,,,,,,,,,,,,,,Northern Territory
250,Epidemic ,10959,21551,-27.47023964,153.0234222,,,40000,,,,,,,,,,,,,,Tasmania
250,Epidemic ,10959,21551,-27.47023964,153.0234222,,,40000,,,,,,,,,,,,,,Victoria
251,Environmental ,4030,2/28/1912 0:00,-27.15840912,132.7209015,,,,143,,,,,,,,,,,,,Northern Territory
251,Environmental ,4030,2/28/1912 0:00,-27.15840912,132.7209015,,,,143,,,,,,,,,,,,,Queensland
251,Environmental ,4030,2/28/1912 0:00,-27.15840912,132.7209015,,,,143,,,,,,,,,,,,,New South Wales
251,Environmental ,4030,2/28/1912 0:00,-27.15840912,132.7209015,,,,143,,,,,,,,,,,,,Australian Capital Territory
251,Environmental ,4030,2/28/1912 0:00,-27.15840912,132.7209015,,,,143,,,,,,,,,,,,,South Australia
251,Environmental ,4030,2/28/1912 0:00,-27.15840912,132.7209015,,,,143,,,,,,,,,,,,,Western Australia
251,Environmental ,4030,2/28/1912 0:00,-27.15840912,132.7209015,,,,143,,,,,,,,,,,,,Tasmania
251,Environmental ,4030,2/28/1912 0:00,-27.15840912,132.7209015,,,,143,,,,,,,,,,,,,Victoria
252,Transport ,6/27/1950 0:00,6/27/1950 0:00,-31.94662666,116.6133499,,,,29,,,,,,,,,,,,,Western Australia
253,Shipwreck ,22/06/1852 00:00:00,23/06/1852 00:00:00,-33.34444046,151.5233459,,,,7,,,,,,,,,,,,,New South Wales
254,Flood ,1/26/1971 0:00,1/26/1971 0:00,-35.36168671,149.07164,,,15,7,,,,,,,,,,,,,Australian Capital Territory
255,Industrial ,10/13/1954 0:00,10/13/1954 0:00,-20.54922295,147.8450775,,,2,7,,,,,,,,,,,,,Queensland
256,Industrial ,10/29/1905 0:00,10/29/1905 0:00,-32.8270607,151.4887695,,,,6,,,,,,,,,,,,,New South Wales
257,Cyclone,20609,20639,-19.25200272,146.8206024,,,,4,,,20,,,,,,,,,,Queensland
258,Chemical ,1/25/1950 0:00,1/25/1950 0:00,-33.85652542,151.2245331,,,12,8,,,,,,,,,,,,,New South Wales
259,Shipwreck ,02/09/1894 00:00:00,02/09/1894 00:00:00,-27.1960144,154.2700195,,,,5,,,,,,,,,,,,,Queensland
260,Transport ,9/13/1926 0:00,9/13/1926 0:00,-31.75240135,150.8330078,,,38,27,,,,,,,,,,,,,New South Wales
261,Shipwreck ,3/23/1911 0:00,3/23/1911 0:00,-18.27108574,155.8740234,,,,137,,,,,,,,,,,,,Queensland
262,Flood ,31510,31571,-34.42443466,150.8930969,,,,6,35000000,10000,,,,,,,,,,,New South Wales
263,Complex Emergencies ,16200,8/18/1944 0:00,-33.67863846,148.727417,,,108,231,,,,,,,,,,,,,New South Wales
264,Shipwreck ,30/06/1857 00:00:00,30/06/1857 00:00:00,-37.17345047,139.7275543,,,,16,,,,,,,,,,,,,South Australia
265,Flood ,12/16/1991 0:00,12/18/1991 0:00,-37.56203079,143.8566589,,220,,,24000000,,,,,,,,,,,,Victoria
266,Shipwreck ,11/07/1861 00:00:00,11/07/1861 00:00:00,-38.692745,146.753483,,,,6,,,,,,,,,,,,,Victoria
267,Transport ,12/19/1953 0:00,12/19/1953 0:00,-33.92790604,151.1530304,,,748,5,,,,,,,,,,,,,New South Wales
268,Shipwreck ,33086,33086,-32.71191025,152.1253662,,,,5,,,,,,,,,,,,,New South Wales
269,Flood ,37014,37228,-29.69111061,152.9332886,3000,250,,,25000000,,,,,,,,,,,,New South Wales
270,Shipwreck ,17/05/1852 00:00:00,17/05/1852 00:00:00,-37.508092,149.988098,,,,21,,,,,,,,,,,,,Victoria
271,Cyclone,28858,28858,-24.88456726,113.6291885,,,5,15,15000000,,,,,,,,,,,,Western Australia
272,Industrial ,9/19/1921 0:00,9/19/1921 0:00,-16.81308556,144.8403168,,,,75,,,,,,,,,,,,,Queensland
273,Transport ,10/20/1989 0:00,10/20/1989 0:00,-29.56785774,153.0895081,,,22,21,,,,,,,2,,,,,,New South Wales
274,Urban Fire ,23012,23012,-36.34859085,145.4618225,,,,3,,,,,,,,,,,,,Victoria
275,Environmental ,01/01/1895 00:00:00,732,-30.04769897,145.9396362,,,,,,,,,,,,,,,,,Northern Territory
275,Environmental ,01/01/1895 00:00:00,732,-30.04769897,145.9396362,,,,,,,,,,,,,,,,,Queensland
275,Environmental ,01/01/1895 00:00:00,732,-30.04769897,145.9396362,,,,,,,,,,,,,,,,,New South Wales
275,Environmental ,01/01/1895 00:00:00,732,-30.04769897,145.9396362,,,,,,,,,,,,,,,,,Australian Capital Territory
275,Environmental ,01/01/1895 00:00:00,732,-30.04769897,145.9396362,,,,,,,,,,,,,,,,,South Australia
275,Environmental ,01/01/1895 00:00:00,732,-30.04769897,145.9396362,,,,,,,,,,,,,,,,,Western Australia
275,Environmental ,01/01/1895 00:00:00,732,-30.04769897,145.9396362,,,,,,,,,,,,,,,,,Tasmania
275,Environmental ,01/01/1895 00:00:00,732,-30.04769897,145.9396362,,,,,,,,,,,,,,,,,Victoria
276,Shipwreck ,01/01/1753 00:00:00,01/01/1753 00:00:00,-28.65203094,113.8046265,,,,130,,,,,,,,,,,,,Western Australia
277,Shipwreck ,26/05/1848 00:00:00,26/05/1848 00:00:00,-38.29532623,144.5993042,,,20,4,,,,,,,,,,,,,Victoria
278,Industrial ,21/03/1898 00:00:00,21/03/1898 00:00:00,-32.98706818,151.7151031,,,,15,,,,,,,,,,,,,New South Wales
279,Transport ,19180,19180,-33.87202072,151.0318909,,,140,10,,,,,,,,,,,,,New South Wales
280,Hail ,12/16/1998 0:00,12/16/1998 0:00,-27.41870308,153.0553284,,,,,76000000,2600,,,,1500,,,,,,,Queensland
281,Shipwreck ,1/31/1970 0:00,1/31/1970 0:00,-12.76894569,129.2431641,,,,9,,,,,,,,,,,,,Northern Territory
282,Bushfire ,06/02/1851 00:00:00,07/02/1851 00:00:00,-38.26670456,146.7412109,,100,,12,,,,,,,,,,,,,Victoria
283,Shipwreck ,9/19/1919 0:00,9/19/1919 0:00,-34.41597366,137.0214844,,,7,11,,,,,,,,,,,,,South Australia
284,Shipwreck ,06/08/1859 00:00:00,06/08/1859 00:00:00,-38.06606674,140.6667175,,,24,89,,,,,,,,,,,,,South Australia
285,Shipwreck ,11/29/1934 0:00,11/30/1934 0:00,-38.52533722,145.1005554,,,,16,,,,,,,,,,,,,Victoria
286,Industrial ,5/29/1991 0:00,5/29/1991 0:00,-33.46237946,145.5345154,,,,3,,,,,,,,,,,,,New South Wales
287,Transport ,7373,7373,-33.96678162,151.1014099,,,18,4,,,,,,,,,,,,,New South Wales
288,Environmental ,14246,6/30/1945 0:00,-35.11990738,147.3596191,,,,,,,,,,,,,,,,,Northern Territory
288,Environmental ,14246,6/30/1945 0:00,-35.11990738,147.3596191,,,,,,,,,,,,,,,,,Queensland
288,Environmental ,14246,6/30/1945 0:00,-35.11990738,147.3596191,,,,,,,,,,,,,,,,,New South Wales
288,Environmental ,14246,6/30/1945 0:00,-35.11990738,147.3596191,,,,,,,,,,,,,,,,,Australian Capital Territory
288,Environmental ,14246,6/30/1945 0:00,-35.11990738,147.3596191,,,,,,,,,,,,,,,,,South Australia
288,Environmental ,14246,6/30/1945 0:00,-35.11990738,147.3596191,,,,,,,,,,,,,,,,,Western Australia
288,Environmental ,14246,6/30/1945 0:00,-35.11990738,147.3596191,,,,,,,,,,,,,,,,,Tasmania
288,Environmental ,14246,6/30/1945 0:00,-35.11990738,147.3596191,,,,,,,,,,,,,,,,,Victoria
289,Urban Fire ,19246,19246,-38.92362595,146.2733459,,,26,5,,,,,1,,,,,,,,Victoria
290,Urban Fire ,9/17/1989 0:00,9/17/1989 0:00,-33.87305069,151.2222137,,,18,6,,,,,1,,,,,,,,New South Wales
291,Industrial ,133,133,-32.64515686,151.3902283,,,,5,,,,,,,,,,,,,New South Wales
292,Shipwreck ,7/19/1908 0:00,7/19/1908 0:00,-17.81145668,168.0029297,,,,19,,,,,,,,,,,,,New South Wales
293,Shipwreck ,24/05/1856 00:00:00,24/05/1856 00:00:00,-38.817241,146.519165,,,,4,,,,,,,,,,,,,Victoria
294,Transport ,25417,25417,-34.788396,138.634071,,,,4,,,,,,,,,,,,,South Australia
295,Bushfire ,11781,2/28/1932 0:00,-37.0245285,145.1369171,,,,9,,,,,,,,,,,,,Victoria
296,Transport ,33980,33980,-36.34154129,146.3813171,,,35,9,,,,,,,,,,,,,Victoria
297,Urban Fire ,8/22/1946 0:00,8/22/1946 0:00,-33.87269592,151.2069855,,,,,,,,,1,,,,1,,,,New South Wales
298,Transport ,17443,17443,-33.79503632,151.2691803,,,70,,,,,,,1,,,,,,,New South Wales
299,Criminal Act ,4/28/1996 0:00,4/28/1996 0:00,-43.13644409,147.8509064,,,21,35,,,,,,,,,,,,,Tasmania
300,Transport ,12/16/1988 0:00,12/16/1988 0:00,-28.482423,120.984535,,,,10,,,,,,,,,,,,,Western Australia
301,Flood ,18269,6/30/1950 0:00,-30.89574432,153.0127716,,,,5,,,,,,,,,,,,,New South Wales
302,Severe Storm ,11/20/1994 0:00,11/20/1994 0:00,-33.91601181,150.9922791,,,2,2,29000000,,,,,,,,,,,,New South Wales
303,Cyclone,1/17/1970 0:00,1/19/1970 0:00,-20.26155281,148.9804535,,,,14,12000000,,,,,,,,,,,,Queensland
304,Severe Storm ,5/23/1994 0:00,5/24/1994 0:00,-32.53684616,115.7422714,,200,,,37000000,,,,,,,,,,,,Western Australia
305,Epidemic ,36834,4/27/2000 0:00,-37.81290436,144.9633179,,,131,4,,,,,,,,,,,,,Victoria
306,Transport ,8/18/1999 0:00,8/18/1999 0:00,-31.02984238,123.5682144,,,45,,,,,,,,,,,,,,Western Australia
307,Flood ,3/31/1988 0:00,32177,-23.49347687,132.8082275,300,,,3,10000000,,,,,,,,,,,,Northern Territory
308,Environmental ,1/20/2000 0:00,1/24/2000 0:00,-27.4644146,153.0340576,,,350,22,,,,,,,,,,,,,Queensland
309,Bushfire ,28461,28461,-37.67930603,143.0588379,,350,,4,9000000,,116,,340,,,,,,198000,,Victoria
310,Flood ,14/04/1889 00:00:00,19/04/1889 00:00:00,-34.92729187,138.6278992,,,,5,,,,,,,,,,,,,South Australia
311,Urban Fire ,8/25/1981 0:00,8/25/1981 0:00,-33.87319565,151.2224274,55,,,9,,,,,,,,,,,,,New South Wales
312,Shipwreck ,28/02/1890 00:00:00,28/02/1890 00:00:00,-9.80650425,142.4816895,,,158,133,,,,,,,,,,,,,Queensland
313,Severe Storm ,35887,35887,-34.8499794,150.7465363,,,1,,12000000,,,,,,,,,,,,New South Wales
314,Flood ,1/20/1930 0:00,1/30/1930 0:00,-21.14026833,149.1857605,,,,6,,,,,,,,,,,,,Queensland
315,Landslide ,7/30/1997 0:00,7/30/1997 0:00,-36.50453186,148.3059845,,,1,18,,,,,2,,,,,,,,New South Wales
316,Industrial ,10/15/1970 0:00,10/15/1970 0:00,-37.82938004,144.8983459,,,,35,,,,,,,,,,,,,Victoria
317,Flood ,10137,2/17/1927 0:00,-16.92245293,145.7740326,,,,47,,,16,,,,,,,,,,Queensland
318,Transport ,2/24/1951 0:00,2/24/1951 0:00,-36.50918961,142.1040344,,,,11,,,,,,,1,,,,,,Victoria
319,Severe Storm ,10/24/1999 0:00,10/24/1999 0:00,-31.63124084,152.7038727,,,,,45000000,,,,,,,,,,,,New South Wales
320,Bushfire ,1/17/1965 0:00,1/17/1965 0:00,-36.80660629,145.4255676,,,,7,,,6,,,,,,,,,,Victoria
321,Environmental ,21186,24846,-23.70033646,133.880722,,,,,,,,,,,,,,,,,Northern Territory
321,Environmental ,21186,24846,-23.70033646,133.880722,,,,,,,,,,,,,,,,,Queensland
321,Environmental ,21186,24846,-23.70033646,133.880722,,,,,,,,,,,,,,,,,New South Wales
321,Environmental ,21186,24846,-23.70033646,133.880722,,,,,,,,,,,,,,,,,Australian Capital Territory
321,Environmental ,21186,24846,-23.70033646,133.880722,,,,,,,,,,,,,,,,,South Australia
321,Environmental ,21186,24846,-23.70033646,133.880722,,,,,,,,,,,,,,,,,Western Australia
321,Environmental ,21186,24846,-23.70033646,133.880722,,,,,,,,,,,,,,,,,Tasmania
321,Environmental ,21186,24846,-23.70033646,133.880722,,,,,,,,,,,,,,,,,Victoria
322,Flood ,2/14/1928 0:00,2/22/1928 0:00,-27.47046852,153.0235443,,,,5,,,,,,,,,,,,,Queensland
323,Transport ,11/30/1961 0:00,11/30/1961 0:00,-33.91593933,151.1642761,,,,15,,,,,,,,,,,,,New South Wales
324,Urban Fire ,646,646,-33.87269592,151.2069855,,,,5,,,,,,,,,1,,,,New South Wales
325,Flood ,01/04/1890 00:00:00,01/10/1890 00:00:00,-34.10018539,141.9185333,,,,9,,,,,,,,,,,,,New South Wales
326,Flood ,10656,10748,-41.05178452,145.9071045,,,,22,,,,,100,,,,,,,,Tasmania
327,Shipwreck ,06/08/1858 00:00:00,06/08/1858 00:00:00,-38.86537552,143.5144043,,,,12,,,,,,,,,,,,,Victoria
328,Flood ,27640,27640,-33.85963821,151.2046814,,,,,15000000,,,,,,,,,,,,New South Wales
329,Shipwreck ,8/25/1969 0:00,8/25/1969 0:00,-30.9334507,153.083313,,,,21,,,,,,,,,,,,,New South Wales
330,Bushfire ,9507,12/17/1926 0:00,-33.15795898,148.0520935,,,,8,,,,,,,,,,,,,Queensland
330,Bushfire ,9507,12/17/1926 0:00,-33.15795898,148.0520935,,,,8,,,,,,,,,,,,,New South Wales
331,Industrial ,1/21/1926 0:00,1/21/1926 0:00,-33.00772858,151.7102966,,,,5,,,,,,,,,,,,,New South Wales
332,Transport ,3/16/1914 0:00,3/16/1914 0:00,-34.61381149,150.3174133,,,20,14,,,,,,,,,,,,,New South Wales
333,Severe Storm ,11/17/1996 0:00,11/17/1996 0:00,-31.09020615,150.9302979,,,,1,10000000,,,,,,,,,,,,New South Wales
334,Flood ,26698,3/30/1973 0:00,-16.92290306,145.773941,,,,,30000000,,,,,,,,,,,,Queensland
335,Cyclone,24/01/1896 00:00:00,28/01/1896 00:00:00,-19.25200272,146.8206024,,,,18,,,,,,,,,,,,,Queensland
336,Bushfire ,28867,29222,-33.6717186,151.1949921,,,,5,,20,28,,,,,,,,,,New South Wales
337,Flood ,1/25/1998 0:00,35828,-14.46360493,132.2644043,2000,3600,30,3,70000000,1170,,500,,,,,,,,,Northern Territory
338,Severe Storm ,11/30/1995 0:00,11/30/1995 0:00,-32.76039124,151.6027374,,,,,10000000,,,,,,,,,,,,New South Wales
339,Urban Fire ,33277,33277,-32.40094376,151.7576752,,,28,12,,,,,1,,,,,,,,New South Wales
340,Severe Storm ,1/21/1991 0:00,1/21/1991 0:00,-33.8731575,151.2069397,,,100,1,138400000,10000,20,1000,,,,,,,,,New South Wales
341,Urban Fire ,6/23/2000 0:00,6/23/2000 0:00,-25.23591995,152.2787933,,,,15,,,,,1,,,,,,,,Queensland
342,Epidemic ,34345,34701,-34.92795181,138.600174,,,22,1,,,,,,,,,,,,,South Australia
343,Cyclone,17932,17960,-23.66465187,150.8230591,,300,,4,,,1500,,,,,,,,,,Queensland
344,Shipwreck ,25/03/1862 00:00:00,25/03/1862 00:00:00,-36.291054,149.504356,,,,4,,,,,,,,,,,,,New South Wales
345,Cyclone,3/18/1999 0:00,3/24/1999 0:00,-12.46484184,130.837616,,,,,35000000,200,112,,,,,,,,,,Western Australia
346,Flood ,4/18/1928 0:00,4/24/1928 0:00,-23.71833229,150.371933,,,,9,,,,,,,,,,,,,New South Wales
346,Flood ,4/18/1928 0:00,4/24/1928 0:00,-23.71833229,150.371933,,,,9,,,,,,,,,,,,,Queensland
347,Bushfire ,30317,1/31/1983 0:00,-34.05809784,151.0814514,,,,3,,,,,,,,,,,,,New South Wales
348,Shipwreck ,05/03/1830 00:00:00,05/03/1830 00:00:00,-34.28303528,114.98909,,,,3,,,,,,,,,,,,,Western Australia
349,Shipwreck ,01/11/1835 00:00:00,01/11/1835 00:00:00,-31.90437508,152.6824951,,,,3,,,,,,,,,,,,,New South Wales
350,Bushfire ,1/13/1939 0:00,1/20/1939 0:00,-37.56360245,145.4637756,,,,71,,,1000,,,,,,69,,,,Australian Capital Territory
350,Bushfire ,1/13/1939 0:00,1/20/1939 0:00,-37.56360245,145.4637756,,,,71,,,1000,,,,,,69,,,,New South Wales
350,Bushfire ,1/13/1939 0:00,1/20/1939 0:00,-37.56360245,145.4637756,,,,71,,,1000,,,,,,69,,,,Victoria
350,Bushfire ,1/13/1939 0:00,1/20/1939 0:00,-37.56360245,145.4637756,,,,71,,,1000,,,,,,69,,,,South Australia
350,Bushfire ,1/13/1939 0:00,1/20/1939 0:00,-37.56360245,145.4637756,,,,71,,,1000,,,,,,69,,,,Tasmania
351,Bushfire ,2/15/1965 0:00,3/13/1965 0:00,-37.0245285,145.1369171,,,,3,,,,,60,,,,,,4000,,Victoria
352,Cyclone,20273,20273,-21.13790703,149.1849823,,,,8,,,,,,,,,,,,,Queensland
353,Shipwreck ,01/04/1854 00:00:00,01/04/1854 00:00:00,-38.282391,144.524031,,,,4,,,,,,,,,,,,,Victoria
354,Severe Storm ,1/17/2001 0:00,1/17/2001 0:00,-28.86076164,153.0458984,,,,,35000000,800,,,,300,,,,,,,New South Wales
355,Earthquake ,10/14/1968 0:00,10/14/1968 0:00,-31.62678337,117.0074844,,,20,,1500000,,,50,,,,,,,,,Western Australia
356,Transport ,5/31/2000 0:00,5/31/2000 0:00,-34.23224258,136.9802856,,,,8,,,,,,,,,,,,,South Australia
358,Severe Storm ,34496,34557,-37.8119545,144.9635773,,100,50,1,,,,,,,,,,,,,Australian Capital Territory
358,Severe Storm ,34496,34557,-37.8119545,144.9635773,,100,50,1,,,,,,,,,,,,,New South Wales
358,Severe Storm ,34496,34557,-37.8119545,144.9635773,,100,50,1,,,,,,,,,,,,,Victoria
359,Shipwreck ,24/02/1875 00:00:00,24/02/1875 00:00:00,-12.85464859,141.1523438,,,,102,,,,,,,,,,,,,Queensland
360,Cyclone,3/20/1912 0:00,3/22/1912 0:00,-20.6311779,117.7265778,,,,173,,,,,,,,,,,,,Western Australia
361,Flood ,29588,29588,-27.17769051,151.2635345,,,5,1,20000000,2000,,,,,,,,,,,Queensland
362,Cyclone,6851,6851,-17.52427864,146.0322876,,,,37,,,,,,,,,,,,,Queensland
363,Transport ,11/25/1978 0:00,11/25/1978 0:00,-32.54420853,137.6792908,,,,5,,,,,,,,,,,,,South Australia
364,Shipwreck ,30/05/1853 00:00:00,30/05/1853 00:00:00,-38.30933762,144.6295166,,,,24,,,,,,,,,,,,,Victoria
365,Flood ,2/16/1958 0:00,2/24/1958 0:00,-33.39017487,151.4781189,,,,3,,,20,,,,,,,,,,Queensland
366,Shipwreck ,20/07/1847 00:00:00,20/07/1847 00:00:00,-36.00466919,150.3259277,,,,5,,,,,,,,,,,,,New South Wales
367,Shipwreck ,5125,5125,-38.57769394,142.6578064,,,,25,,,,,,,,,,,,,Victoria
368,Shipwreck ,14/08/1858 00:00:00,14/08/1858 00:00:00,-38.50143051,145.0593567,,,,4,,,,,,,,,,,,,Victoria
369,Transport ,7/13/1972 0:00,7/13/1972 0:00,-34.79287338,138.6933746,,,,8,,,,,,,,,,,,,South Australia
370,Transport ,1/26/2001 0:00,1/26/2001 0:00,-23.41597748,119.8016815,,,,4,,,,,,,,,,,,,Western Australia
371,Epidemic ,37742,1/15/2003 0:00,-37.81324387,144.9628906,,,195,1,,,,,,,,,,,,,Victoria
372,Criminal Act ,37600,37600,-8.721879005,115.1799774,,,209,202,,,,,,,,,,,,,Outside Australia
373,Transport ,10/13/2002 0:00,10/13/2002 0:00,-36.54605484,145.9825592,,,1,3,,,,,,,,,,,,,Victoria
374,Bushfire ,37834,3/19/2003 0:00,-36.72137451,146.7861481,,,,,12000000,,41,,213,,,,,,10000,,Victoria
375,Transport ,1/31/2003 0:00,1/31/2003 0:00,-34.13230515,150.9936829,,,41,7,,,,,,,,,,,,,New South Wales
376,Severe Storm ,8/24/2003 0:00,8/24/2003 0:00,-37.8119545,144.9635773,,,4,1,25000000,,,,,,,,,,,,Australian Capital Territory
376,Severe Storm ,8/24/2003 0:00,8/24/2003 0:00,-37.8119545,144.9635773,,,4,1,25000000,,,,,,,,,,,,New South Wales
376,Severe Storm ,8/24/2003 0:00,8/24/2003 0:00,-37.8119545,144.9635773,,,4,1,25000000,,,,,,,,,,,,Victoria
376,Severe Storm ,8/24/2003 0:00,8/24/2003 0:00,-37.8119545,144.9635773,,,4,1,25000000,,,,,,,,,,,,Tasmania
377,Hail ,1/24/2004 0:00,1/31/2004 0:00,-28.13527489,153.486557,,,3,1,28500000,,,,,,,,,,,,Queensland
378,Bushfire ,38626,38687,-34.71579361,135.8571014,,,110,9,27700000,26,79,324,,,139,,,,46500,,South Australia
379,Severe Storm ,38354,38413,-33.71191788,150.9577332,,,,,216700000,,,,,,,,,,,,Australian Capital Territory
379,Severe Storm ,38354,38413,-33.71191788,150.9577332,,,,,216700000,,,,,,,,,,,,New South Wales
379,Severe Storm ,38354,38413,-33.71191788,150.9577332,,,,,216700000,,,,,,,,,,,,Victoria
379,Severe Storm ,38354,38413,-33.71191788,150.9577332,,,,,216700000,,,,,,,,,,,,South Australia
380,Chemical ,2/21/2005 0:00,2/21/2005 0:00,-37.6680603,144.8480377,2000,,47,,,,,,,,,,,,,,Victoria
381,Transport ,38387,38387,0.744302988,97.71102905,,,2,9,,,,,,,,,,,,,Outside Australia
382,Transport ,11/15/2003 0:00,11/15/2003 0:00,-37.60375977,144.2118683,,,43,,,,,,,,,,,,,,Victoria
383,Complex Emergencies ,9/25/1998 0:00,10/14/1998 0:00,-38.15885544,147.0897675,,,8,2,1300000000,,,,,,,,,,,,Victoria
384,Severe Storm ,2/16/2002 0:00,2/16/2002 0:00,-33.71273804,151.2968445,,,,,10000000,,,,,,,,,,,,New South Wales
385,Tsunami ,12/26/2004 0:00,12/26/2004 0:00,0.615222991,88.85742188,,,,273636,,,,,,,,,,,,,Outside Australia
386,Cyclone,12/25/1974 0:00,12/25/1974 0:00,-12.46484184,130.837616,35362,41000,650,71,200000000,200,5000,,,,,,,,,,Northern Territory
387,Urban Fire ,38332,38332,-37.81154633,144.9627075,,,,,20000000,,,,,,,2,,,,,Victoria
388,Transport ,9/17/2004 0:00,9/17/2004 0:00,-37.826192,144.997044,,,21,,,,,,,,,,,,,,Victoria
389,Transport ,38115,38115,-37.76031113,144.8117065,,,,3,,,,,,,,,,,,,Victoria
390,Transport ,38050,38050,-33.84752655,150.9477386,,,60,,,,,,,8,1,,,,,,New South Wales
391,Severe Storm ,38049,3/31/2004 0:00,-28.80579758,153.2768707,,,,3,,,,,,,,,,,,,Northern Territory
391,Severe Storm ,38049,3/31/2004 0:00,-28.80579758,153.2768707,,,,3,,,,,,,,,,,,,Queensland
391,Severe Storm ,38049,3/31/2004 0:00,-28.80579758,153.2768707,,,,3,,,,,,,,,,,,,New South Wales
391,Severe Storm ,38049,3/31/2004 0:00,-28.80579758,153.2768707,,,,3,,,,,,,,,,,,,Western Australia
392,Transport ,37292,37292,-36.067972,146.853561,,,,4,,,,,,,,,,,,,New South Wales
393,Criminal Act ,37204,37204,40.72436523,-74.00390625,,,,2819,,,,,,,,,,,,,Outside Australia
394,Industrial ,11/24/1999 0:00,11/24/1999 0:00,-33.1243248,148.1760406,,,,4,,,,,,,,,,,,,New South Wales
395,Flood ,7/27/1999 0:00,7/28/1999 0:00,46.68671799,7.867413044,,,,21,,,,,,,,,,,,,Outside Australia
396,Transport ,7/24/1999 0:00,7/24/1999 0:00,-18.0250988,178.1364441,,,,17,,,,,,,,,,,,,Outside Australia
397,Transport ,6/17/1999 0:00,6/17/1999 0:00,-6.048510075,145.3781738,,,,17,,,,,,,,,,,,,Outside Australia
398,Severe Storm ,5/16/2005 0:00,5/16/2005 0:00,-32.0274353,115.7822495,,,,,53200000,,,,,,,,,,,,Western Australia
399,Hail ,5/19/2005 0:00,5/19/2005 0:00,-27.47093391,153.0234985,,,,,17600000,,,,,,,,,,,,Queensland
400,Transport ,38481,38481,-34.63250351,150.6929474,,,14,3,,,,,,,,,,,,,New South Wales
401,Criminal Act ,38540,38540,51.51436996,0.075649001,,,700,56,,,,,,,,,,,,,Outside Australia
402,Hail ,38696,38696,-27.92241287,153.3378754,,,,,61000000,,500,,,,2000,,,,,,Queensland
403,Criminal Act ,38362,38362,-8.717467308,115.1772308,,,130,26,,,,,,,,,,,,,Outside Australia
404,Hail ,10/16/2005 0:00,10/16/2005 0:00,-33.10052109,118.4666214,,,,,10000000,,,,,,,,,,,,Western Australia
405,Bushfire ,11/30/1957 0:00,20922,-33.71252823,150.3315277,,,,4,,,158,,,,,,,,,,New South Wales
406,Transport ,17936,17936,-31.93187714,115.9596176,,,,18,,,,,,,,,,,,,Western Australia
407,Industrial ,36323,36323,-32.71494293,151.5270386,,,1,3,,,,,,,,,,,,,New South Wales
408,Shipwreck ,13/07/1873 00:00:00,13/07/1873 00:00:00,-38.33303833,144.6130371,,,,4,,,,,,,,,,,,,Victoria
409,Cyclone,1/19/1907 0:00,1/19/1907 0:00,-15.46823978,145.254364,,,,9,,,,12,,,,,,,,,Queensland
410,Industrial ,7/31/1972 0:00,7/31/1972 0:00,-27.57159042,152.762146,,,17,17,,,,,,,,,,,,,Queensland
411,Environmental ,34486,34608,-19.25743103,146.8178558,,,,3,,,,,,,,,,,,,Queensland
412,Transport ,8/13/1998 0:00,8/13/1998 0:00,-35.890163,147.169418,,,25,1,,,,,,,,,,,,,New South Wales
413,Shipwreck ,09/11/1872 00:00:00,09/11/1872 00:00:00,-34.08792496,141.9152069,,,,5,,,,,,,,,,,,,Victoria
414,Flood ,12/27/1916 0:00,12/27/1916 0:00,-22.81669426,147.6480103,,,,61,,,,,,,,,,,,,Queensland
415,Severe Storm ,1/21/1977 0:00,1/21/1977 0:00,-33.80190277,150.9441681,,,,1,15000000,,,,,,,,,,,,New South Wales
416,Flood ,2/22/1955 0:00,2/28/1955 0:00,-31.82798195,147.7187347,40000,15000,,24,,5200,58,,,,,,,,,,New South Wales
417,Shipwreck ,21/10/1854 00:00:00,21/10/1854 00:00:00,-32.92145538,151.8076172,,,2,7,,,,,,,,,,,,,New South Wales
418,Shipwreck ,24/08/1857 00:00:00,24/08/1857 00:00:00,-38.86056137,143.5439301,,,,32,,,,,,,,,,,,,Victoria
419,Shipwreck ,37049,37049,-27.19967842,153.2517242,,,,4,,,,,,,,,,,,,Queensland
420,Shipwreck ,06/01/1891 00:00:00,06/01/1891 00:00:00,-38.87767029,143.5267639,,,,12,,,,,,,,,,,,,Victoria
421,Cyclone,06/01/1897 00:00:00,07/01/1897 00:00:00,-12.45970917,130.8193665,,,,28,,,,,,,,,,,,,Northern Territory
422,Shipwreck ,3/22/1969 0:00,3/22/1969 0:00,-38.70296097,146.4672394,,,20,3,,,,,,,,,,,,,Victoria
423,Transport ,16381,16381,-30.55324364,138.4249878,,,27,4,,,,,,,,,,,,,South Australia
424,Severe Storm ,11/18/2001 0:00,11/21/2001 0:00,-32.72064972,152.1438293,,,,3,30000000,2000,,,,200,,,,,,,New South Wales
425,Industrial ,4728,4728,-42.0750351,145.5578613,,,,42,,,,,,,,,,,,,Tasmania
426,Shipwreck ,33212,33212,-37.776956,149.486847,,,1,3,,,,,,,,,,,,,Victoria
427,Bushfire ,30690,31049,-31.49797058,145.8381958,,,,4,25000000,,,,,,,,,,40000,,New South Wales
428,Severe Storm ,36042,36072,-33.91579819,151.0357513,,,,1,10000000,80,,10,,,,5,,,,,New South Wales
429,Severe Storm ,1/24/1991 0:00,1/24/1991 0:00,-37.70148087,148.4568787,,,,,12000000,,,,,,,,,,,,Victoria
430,Shipwreck ,31/05/1878 00:00:00,31/05/1878 00:00:00,-38.65086365,143.0611267,,,2,49,,,,,,,,,,,,,Victoria
431,Urban Fire ,12/25/1975 0:00,12/25/1975 0:00,-33.87397766,151.222168,,,22,15,,,,,1,,,,,,,,New South Wales
432,Shipwreck ,25/08/1834 00:00:00,25/08/1834 00:00:00,-39.24076462,145.8654785,,,,12,,,,,,,,,,,,,New South Wales
433,Cyclone,1/16/1950 0:00,1/19/1950 0:00,-17.70944595,140.020752,100,,,7,,,,,,,,,,,,,New South Wales
433,Cyclone,1/16/1950 0:00,1/19/1950 0:00,-17.70944595,140.020752,100,,,7,,,,,,,,,,,,,Queensland
434,Cyclone,32934,33056,-28.63967705,153.6139374,,,,6,33000000,,,,,,,,,,,,Queensland
435,Urban Fire ,1/15/1995 0:00,1/15/1995 0:00,-33.91928864,150.9240875,,,,8,,,,,1,,,,,,,,New South Wales
436,Transport ,31/10/1894 00:00:00,31/10/1894 00:00:00,-33.89168549,151.1985626,,,27,14,,,,,,,,,,,,,New South Wales
437,Shipwreck ,30/03/1874 00:00:00,30/03/1874 00:00:00,-38.70828629,146.7038727,,,1,8,,,,,,,,,,,,,Victoria
438,Industrial ,6/26/2000 0:00,6/26/2000 0:00,-30.74659348,121.474884,,,8,3,,,,,,,,,,,,,Western Australia
439,Environmental ,36529,8/22/2001 0:00,-21.93014717,114.1222,,,,,,,,,,,,,,,,,Western Australia
440,Shipwreck ,15347,15347,-33.85811996,151.2301178,,,10,21,,,,,,,,,,,,,New South Wales
441,Transport ,31480,31480,-37.71876144,144.897049,,,,6,,,,,,,,,,,,,Victoria
442,Bushfire ,12/31/2005 0:00,1/31/2006 0:00,-37.0141716,142.7177734,,,6,4,22400000,,57,,359,,,,,,64265,,Victoria
443,Transport ,38991,38991,30.31243134,30.54748535,,,27,6,,,,,,,,,,,,,Outside Australia
444,Flood ,01/02/1879 00:00:00,01/02/1879 00:00:00,-14.46360493,132.2644043,,,,6,,,,,,,,,,,,,Northern Territory
445,Cyclone,2/20/1954 0:00,2/24/1954 0:00,-28.16656685,153.538147,,,,26,,,,,,,,,,,,,Queensland
445,Cyclone,2/20/1954 0:00,2/24/1954 0:00,-28.16656685,153.538147,,,,26,,,,,,,,,,,,,New South Wales
446,Severe Storm ,10/13/1998 0:00,10/13/1998 0:00,-33.91352081,150.9316711,,,,,23000000,12,,,,,,,,,,,Queensland
447,Shipwreck ,19/09/1851 00:00:00,19/09/1851 00:00:00,-38.47509384,141.4517212,,,,25,,,,,,,,,,,,,Victoria
448,Cyclone,3/20/2006 0:00,3/20/2006 0:00,-17.51965332,146.0728455,,,30,,540000000,10000,,,,,,,,,,,Queensland
449,Industrial ,4/25/2006 0:00,38965,-41.19312286,146.8199158,,,2,1,,,,,,,,,,,,,Tasmania
450,Transport ,11/20/1989 0:00,11/20/1989 0:00,-37.876291,145.149077,,,75,,,,,,,,,,,,,,Victoria
451,Tornado ,8/14/1971 0:00,8/14/1971 0:00,-27.47023964,153.0235443,,,,3,,,,,,,,,,,,,Queensland
452,Severe Storm ,33940,2/13/1992 0:00,-33.73226166,151.1278381,,,1,,118000000,3000,,,,7000,,,,,,,New South Wales
453,Chemical ,3/30/2006 0:00,3/30/2006 0:00,-32.92597198,151.7758331,,,37,,,,,,,,,,,,,,New South Wales
454,Shipwreck ,23652,23652,-35.40248489,150.7159424,,,232,82,,,,,,,,,,,,,New South Wales
455,Transport ,4/20/1908 0:00,4/20/1908 0:00,-37.78783417,144.8325806,,,413,44,,,,,,,,,,,,,Victoria
456,Urban Fire ,4/29/1981 0:00,4/29/1981 0:00,-33.86585236,151.0839844,,,51,16,,,,,1,,,,,,,,New South Wales
457,Urban Fire ,33239,33239,-37.96565247,145.1743774,,,22,4,,,,,,,,,,,,,Victoria
458,Cyclone,3/27/1978 0:00,28584,-20.31162643,118.5752563,,20,,5,13000000,,,,,,,,,,,,Western Australia
459,Industrial ,7/24/1991 0:00,7/24/1991 0:00,-34.33273315,150.9136047,,,,3,,,,,,,,,,,,,New South Wales
460,Hail ,11/14/1979 0:00,11/14/1979 0:00,-33.60050201,137.9333191,,150,71,,10000000,,,,,,,,,,,,South Australia
461,Shipwreck ,10/03/1879 00:00:00,11/03/1879 00:00:00,-33.01327133,151.7850494,,,,5,,,,,,,,,,,,,New South Wales
462,Bushfire ,01/02/1898 00:00:00,02/02/1898 00:00:00,-38.19710922,146.5346222,,2500,,12,,,,,2000,,,,,,,,Victoria
463,Transport ,2/13/1938 0:00,2/13/1938 0:00,-33.8511734,151.2096405,,,,19,,,,,,,,,,,,,New South Wales
464,Urban Fire ,8/13/1966 0:00,8/13/1966 0:00,-37.81154633,144.9627075,,,,30,,,,,1,,,,,,,,Victoria
465,Earthquake ,1/22/1988 0:00,1/22/1988 0:00,-19.64363861,134.1915588,,,,,,,,,,,,,,,,,Northern Territory
466,Cyclone,11/19/1910 0:00,11/19/1910 0:00,-17.95405579,122.2489929,,,,40,,70,20,,,,,,,,,,Western Australia
467,Shipwreck ,01/01/1753 00:00:00,01/01/1753 00:00:00,-20.47590828,115.5075073,,,,95,,,,,,,,,,,,,Western Australia
468,Transport ,15923,15923,-36.099602,146.825495,,,,25,,,,,,,,,,,,,Victoria
469,Bushfire ,1/17/1987 0:00,1/20/1987 0:00,-34.63893127,148.0243835,,,20,3,,,,,,,,,,,,,New South Wales
470,Industrial ,12/12/1882 00:00:00,12/12/1882 00:00:00,-37.42157364,143.8936005,,,,22,,,,,,,,,,,,,Victoria
471,Hail ,12/16/1980 0:00,12/16/1980 0:00,-27.30474854,153.0626831,,,,,15000000,5000,,,,,,,,,,,Queensland
472,Hail ,9/29/1996 0:00,9/29/1996 0:00,-30.51434326,151.6669617,,,10,,104000000,,,5000,,4000,,,,,,,New South Wales
473,Transport ,12/31/1968 0:00,12/31/1968 0:00,-20.37782,118.633032,,,,26,,,,,,,,,,,,,Western Australia
474,Cyclone,1342,1342,-19.25200272,146.8206024,,,,10,,,,,2,,,,,,,,Queensland
475,Shipwreck ,2/25/1915 0:00,2/25/1915 0:00,-12.47206974,130.838974,,,,9,,,,,,,,,,,,,Northern Territory
476,Bushfire ,11/20/1997 0:00,12/20/1997 0:00,-30.34799194,148.890152,,,,4,,,10,,,,,,,,,,New South Wales
477,Shipwreck ,26/08/1791 00:00:00,26/08/1791 00:00:00,-11.47733307,144.0362549,,,91,35,,,,,,,,,,,,,Queensland
478,Landslide ,1/31/1928 0:00,1/31/1928 0:00,-34.99681473,138.6215363,,,3,6,,,,,,,,,,,,,South Australia
479,Shipwreck ,23/05/1874 00:00:00,23/05/1874 00:00:00,-39.95100403,143.8315125,,,9,79,,,,,,,,,,,,,Victoria
480,Industrial ,18/07/1895 00:00:00,18/07/1895 00:00:00,-31.90786934,141.4599609,,,1,9,,,,,,,,,,,,,New South Wales
481,Flood ,1/31/2009 0:00,39996,-18.6511116,146.1546173,,,,1,19000000,3000,,,,,,,,,,,Queensland
482,Bushfire ,39996,40027,-37.56237411,145.3191986,,,414,173,1070000000,,2029,,,,,,61,,,,Victoria
483,Environmental ,1/27/2009 0:00,1/31/2009 0:00,-37.81310654,144.9633942,,,,374,,,,,,,,,,,,,South Australia
483,Environmental ,1/27/2009 0:00,1/31/2009 0:00,-37.81310654,144.9633942,,,,374,,,,,,,,,,,,,Victoria
484,Flood ,5/20/2009 0:00,5/23/2009 0:00,-28.64416122,153.612381,,,,1,48000000,,,,,,,,,,,,New South Wales
486,Criminal Act ,7/17/2009 0:00,7/17/2009 0:00,-6.226781845,106.8269806,,,53,9,,,,,,,,,,,,,Outside Australia
487,Epidemic ,40061,40190,-27.47092438,153.0235901,,,,191,,,,,,,,,,,,,Northern Territory
487,Epidemic ,40061,40190,-27.47092438,153.0235901,,,,191,,,,,,,,,,,,,Queensland
487,Epidemic ,40061,40190,-27.47092438,153.0235901,,,,191,,,,,,,,,,,,,New South Wales
487,Epidemic ,40061,40190,-27.47092438,153.0235901,,,,191,,,,,,,,,,,,,Australian Capital Territory
487,Epidemic ,40061,40190,-27.47092438,153.0235901,,,,191,,,,,,,,,,,,,South Australia
487,Epidemic ,40061,40190,-27.47092438,153.0235901,,,,191,,,,,,,,,,,,,Western Australia
487,Epidemic ,40061,40190,-27.47092438,153.0235901,,,,191,,,,,,,,,,,,,Tasmania
487,Epidemic ,40061,40190,-27.47092438,153.0235901,,,,191,,,,,,,,,,,,,Victoria
488,Earthquake ,9/30/2009 0:00,9/30/2009 0:00,-1.076596975,100.4370117,,,1214,1117,,78604,135448,,485,,,,,,,,Outside Australia
489,Tsunami ,9/29/2009 0:00,9/29/2009 0:00,-14.74832344,172.2381592,,,,144,,,,,,,,,,,,,Outside Australia
490,Flood ,3/31/2009 0:00,39848,-30.29631233,153.1156769,,,,,37000000,,,,,,,,,,,,New South Wales
491,Severe Storm ,11/16/2008 0:00,11/22/2008 0:00,-27.6130867,152.758194,,,,1,309000000,,,,,,,,,,,,Queensland
492,Chemical ,39513,39513,-20.60193634,115.5761719,,,,,230000000,,,,,,,1,,,,,Western Australia
493,Severe Storm ,39482,39482,-38.22995377,143.8007355,,,,2,65000000,,,,,,,,,,,,Tasmania
493,Severe Storm ,39482,39482,-38.22995377,143.8007355,,,,2,65000000,,,,,,,,,,,,South Australia
493,Severe Storm ,39482,39482,-38.22995377,143.8007355,,,,2,65000000,,,,,,,,,,,,Victoria
494,Flood ,2/14/2008 0:00,2/17/2008 0:00,-21.14058876,149.1856689,,,,,410000000,4000,,,,,,,,,,,Queensland
495,Flood ,39723,2/18/2008 0:00,-27.99584007,152.6824951,,,,,410000000,4000,,,,,,,,,,,Queensland
496,Flood ,39539,39753,-28.62035561,153.0040588,,,,,15000000,,,,,,,,,,,,New South Wales
497,Flood ,39448,1/31/2008 0:00,-27.47092438,153.0235443,,,,,70000000,,,,,,,,,,,,Queensland
498,Bushfire ,12/28/2007 0:00,39661,-31.23159218,120.1804733,,,,3,,,,,,,,,,,,,Western Australia
499,Flood ,12/27/2007 0:00,39630,-28.80575943,153.2768707,,,,,15000000,,,,,,,,,,,,Queensland
500,Hail ,39337,39337,-33.91594315,151.0356598,,,30,,415000000,,,,,,,,,,,,New South Wales
501,Flood ,11/30/2010 0:00,1/17/2011 0:00,-27.56394386,151.9540558,5900,,,33,2380000000,3600,,29000,,,,,,,,,Queensland
502,Bushfire ,40665,40726,-32.10860443,116.0691833,,,12,,35000000,39,72,,,,,,,,,,Western Australia
503,Cyclone,40604,40604,-17.85067558,146.1099243,,,,1,1412000000,1000,,,,,,,,,,,Queensland
504,Flood ,4/18/1990 0:00,4/21/1990 0:00,-26.39740562,146.2445068,2300,,60,6,30000000,500,,,,,,,,,,,Queensland
505,Severe Storm ,40635,40696,-37.81795502,144.9536133,6000,,1,,418670000,,,20,,,,,,,,,Victoria
506,Severe Storm ,40332,40362,-37.81795502,144.9536133,,,,,1044000000,0,,0,,,,,,,,,Victoria
507,Flood ,40878,1/18/2011 0:00,-36.05048752,145.2052765,,,,1,126495000,,,,,,,,,,,,Victoria
508,Earthquake ,40850,40850,38.26999283,140.8694458,200000,,5388,15467,,,,,,,,,,,,,Outside Australia
509,Severe Storm ,3/22/2010 0:00,3/22/2010 0:00,-31.90671539,115.8136139,100,,,,1053000000,,,,,,,,,,,,Western Australia
510,Flood ,2/28/2010 0:00,40301,-27.47092438,153.0235443,,,,,46700000,,,,,,,,,,,,Queensland
511,Flood ,36069,36130,-19.25686264,146.8180695,,,,1,71000000,,14,,,,,,,,,,Queensland
512,Environmental ,33239,35074,-27.56520081,151.9551697,,,,,,,,,,,,,,,,,Northern Territory
512,Environmental ,33239,35074,-27.56520081,151.9551697,,,,,,,,,,,,,,,,,Queensland
512,Environmental ,33239,35074,-27.56520081,151.9551697,,,,,,,,,,,,,,,,,New South Wales
512,Environmental ,33239,35074,-27.56520081,151.9551697,,,,,,,,,,,,,,,,,Australian Capital Territory
512,Environmental ,33239,35074,-27.56520081,151.9551697,,,,,,,,,,,,,,,,,South Australia
512,Environmental ,33239,35074,-27.56520081,151.9551697,,,,,,,,,,,,,,,,,Western Australia
512,Environmental ,33239,35074,-27.56520081,151.9551697,,,,,,,,,,,,,,,,,Tasmania
512,Environmental ,33239,35074,-27.56520081,151.9551697,,,,,,,,,,,,,,,,,Victoria
513,Flood ,40148,2/14/2009 0:00,0,0,,,,,19000000,,,,,,,,,,,,Queensland
514,Flood ,6/29/2005 0:00,6/30/2005 0:00,-28.80650711,153.276947,3000,,,1,25000000,,,,,,,,,,,,New South Wales
515,Landslide ,39300,39300,-33.42005157,151.2840576,,,,5,,,,,,,,,,,,,New South Wales
516,Bushfire ,37509,37509,-34.06602859,151.0125427,,,,,25000000,11,10,,,,,,,,,,New South Wales
517,Industrial ,34523,34523,-24.55961418,149.9702454,,,,11,,,,,,,,,,,,,Queensland
518,Bushfire ,29291,29291,-34.13113022,150.9933472,,,,5,,,,,,,1,,,,,,New South Wales
519,Flood ,6/29/2005 0:00,6/30/2005 0:00,-19.25706673,146.8179474,,,,2,53900000,,,,,,,,,,,,Queensland
520,Severe Storm ,37043,37043,-32.24010086,148.6098328,,,,,15000000,,,400,,150,,,,,,,New South Wales
521,Industrial ,23/03/1887 00:00:00,23/03/1887 00:00:00,-34.42461014,150.8930969,,,,81,,,,,,,,,,,,,New South Wales
522,Severe Storm ,1/16/2002 0:00,1/16/2002 0:00,-29.69006538,152.9331207,,,,,10000000,,,,,,,,,,,,New South Wales
523,Urban Fire ,12/29/1990 0:00,12/29/1990 0:00,-27.61316109,152.7583313,,,,5,,,,,1,,,,,,,,Queensland
524,Transport ,34344,34344,-27.35072708,153.0600586,,,38,12,,,,,,,,,,,,,Queensland
525,Transport ,1/30/1913 0:00,1/30/1913 0:00,-27.45425606,152.0499573,,,,6,,,,,,,,,,,,,Queensland
526,Transport ,9/22/1966 0:00,9/22/1966 0:00,-22.338644,143.070402,,,,24,,,,,,,,,,,,,Queensland
527,Industrial ,10/14/1904 0:00,10/14/1904 0:00,-20.06367111,146.2568665,,,,7,,,,,,,,,,,,,Queensland
528,Transport ,9319,9319,-26.32070923,152.7835388,,,53,10,,,,,,,,,,,,,Queensland
529,Transport ,38538,38538,-12.78505993,143.3065643,,,,15,,,,,,,,,,,,,Queensland
530,Transport ,11/15/2004 0:00,11/15/2004 0:00,-24.60862923,151.8471985,,,100,,,,,,,,,,,,,,Queensland
531,Transport ,2/26/1960 0:00,2/26/1960 0:00,-23.63571739,147.2937012,,,43,7,,,,,,,,,,,,,Queensland
532,Transport ,13/02/1896 00:00:00,13/02/1896 00:00:00,-27.47328568,153.0229797,,,,57,,,,,,,,,,,,,Queensland
533,Transport ,18174,18174,-28.16490364,153.5157928,,,,21,,,,,,,,,,,,,Queensland
534,Transport ,31869,31869,-17.10798073,145.7748413,,,30,8,,,,,,,1,,,,,,Queensland
535,Transport ,33182,33182,-17.20360947,145.4060364,,,,11,,,,,,,,,,,,,Queensland
536,Transport ,9/25/1990 0:00,9/25/1990 0:00,-27.97285652,153.2337646,,,38,11,,,,,,,1,,,,,,Queensland
537,Transport ,22195,22195,-21.18129158,149.1945038,,,,,,,,,,,,,,,,,Queensland
538,Transport ,10/18/1947 0:00,10/18/1947 0:00,-26.1312027,152.664505,,,15,6,,,,,,,,,,,,,Queensland
539,Transport ,20466,20466,-26.58657074,149.1904449,,,10,5,,,,,,,,,,,,,Queensland
540,Transport ,35405,35405,-19.25670052,146.8177338,,,12,18,,,,,,,,,,,,,Queensland
541,Transport ,7/24/2000 0:00,7/24/2000 0:00,-22.81171036,149.8910828,,,,5,,,,,,,,,,,,,Queensland
542,Bushfire ,11/14/1954 0:00,11/14/1954 0:00,-20.06302643,146.259613,,,,3,,,,,,,,,,,,,Queensland
543,Urban Fire ,8/18/2002 0:00,8/18/2002 0:00,-27.31918716,153.0713196,,,6,3,,,,,2,,,,2,,,,Queensland
544,Cyclone,36560,36620,-18.86470795,146.2994385,,,,,15000000,,,,,,,,,,,,Queensland
545,Cyclone,2/27/2000 0:00,36772,-16.28831482,149.9652405,,,,1,11000000,,,,,,,,,,,,Queensland
546,Flood ,32328,32481,-28.80591011,153.2769165,,,,,25000000,,,,,,,,,,,,New South Wales
547,Severe Storm ,6/30/2005 0:00,6/30/2005 0:00,-28.1733017,153.542984,,,,1,25000000,,,,,,,,,,,,New South Wales
548,Severe Storm ,11/23/1996 0:00,11/23/1996 0:00,-30.29405403,153.1161194,,,,1,20000000,,,,,,,,,,,,New South Wales
549,Flood ,34038,34069,-36.5514946,145.9817047,,,,,12000000,,,500,,,,,,,,,Victoria
550,Urban Fire ,8/24/2011 0:00,8/24/2011 0:00,-27.62787819,153.1193695,,,2,11,,,1,,,,2,,,,,,Queensland
551,Transport ,17292,17292,-27.37134743,152.8867645,,,38,16,,,,,,,,,,,,,Queensland
552,Cyclone,32602,4/20/1989 0:00,-19.64258766,147.590332,,,,3,26000000,,,,,,,,,,,,New South Wales
552,Cyclone,32602,4/20/1989 0:00,-19.64258766,147.590332,,,,3,26000000,,,,,,,,,,,,Queensland
553,Shipwreck ,27/08/1840 00:00:00,27/08/1840 00:00:00,-43.05584335,148.0428314,,,,3,,,,,,,,,,,,,Tasmania
554,Shipwreck ,20/09/1838 00:00:00,20/09/1838 00:00:00,-39.18968964,145.8654785,,,,18,,,,,,,,,,,,,Tasmania
555,Shipwreck ,17/05/1838 00:00:00,17/05/1838 00:00:00,-40.1872673,146.6125488,,,,6,,,,,,,,,,,,,Tasmania
556,Shipwreck ,27/04/1838 00:00:00,27/04/1838 00:00:00,-42.82764053,148.3703613,,,,15,,,,,,,,,,,,,Tasmania
557,Shipwreck ,05/05/1837 00:00:00,05/05/1837 00:00:00,-43.560491,147.321167,,,,4,,,,,,,,,,,,,Tasmania
558,Shipwreck ,16/07/1835 00:00:00,16/07/1835 00:00:00,-43.43397522,147.3960114,,,,17,,,,,,,,,,,,,Tasmania
559,Shipwreck ,14/05/1835 00:00:00,14/05/1835 00:00:00,-39.75788116,143.8165283,,,,218,,,,,,,,,,,,,Tasmania
560,Shipwreck ,12/04/1835 00:00:00,12/04/1835 00:00:00,-43.71355057,147.2717285,,,,133,,,,,,,,,,,,,Tasmania
561,Shipwreck ,30/06/1826 00:00:00,30/06/1826 00:00:00,-40.73633194,147.9515076,,,,13,,,,,,,,,,,,,Tasmania
562,Shipwreck ,21/05/1854 00:00:00,21/05/1854 00:00:00,-39.78954315,143.6531067,,,,17,,,,,,,,,,,,,Tasmania
563,Shipwreck ,04/08/1845 00:00:00,04/08/1845 00:00:00,-39.85388565,143.6627197,,,,408,,,,,,,,,,,,,Tasmania
564,Shipwreck ,21/05/1842 00:00:00,21/05/1842 00:00:00,-41.064339,146.512985,,,,8,,,,,,,,,,,,,Tasmania
565,Shipwreck ,27/10/1848 00:00:00,27/10/1848 00:00:00,-40.43597412,148.4953918,,,,16,,,,,,,,,,,,,Tasmania
566,Shipwreck ,08/09/1851 00:00:00,08/09/1851 00:00:00,-41.02653503,146.7416382,,,,3,,,,,,,,,,,,,Tasmania
567,Shipwreck ,19/02/1853 00:00:00,19/02/1853 00:00:00,-40.069664,147.5614929,,,,9,,,,,,,,,,,,,Tasmania
568,Shipwreck ,29/04/1853 00:00:00,29/04/1853 00:00:00,-41.05501938,144.6611023,,,,6,,,,,,,,,,,,,Tasmania
569,Severe Storm ,9/28/2011 0:00,9/29/2011 0:00,-37.81229401,144.9632263,,,,,,,,,,,,,,,,,Victoria
570,Shipwreck ,13/07/1852 00:00:00,13/07/1852 00:00:00,-42.81026077,147.8921204,,,,8,,,,,,,,,,,,,Tasmania
571,Shipwreck ,21/03/1854 00:00:00,21/03/1854 00:00:00,-40.56650162,148.1149292,,,,4,,,,,,,,,,,,,Tasmania
572,Shipwreck ,31/03/1854 00:00:00,31/03/1854 00:00:00,-43.77902603,146.9750977,,,,11,,,,,,,,,,,,,Tasmania
573,Shipwreck ,28/05/1855 00:00:00,28/05/1855 00:00:00,-39.67337036,143.7670898,,,,4,,,,,,,,,,,,,Tasmania
574,Shipwreck ,29/08/1863 00:00:00,29/08/1863 00:00:00,-40.74777603,148.1336365,,,,29,,,,,,,,,,,,,Tasmania
575,Shipwreck ,11/07/1884 00:00:00,11/07/1884 00:00:00,-43.35014725,145.893631,,,,3,,,,,,,,,,,,,Tasmania
576,Shipwreck ,04/12/1861 00:00:00,04/12/1861 00:00:00,-43.22169113,148.0153656,,,,4,,,,,,,,,,,,,Tasmania
577,Shipwreck ,28/08/1863 00:00:00,28/08/1863 00:00:00,-41.15726089,146.5471954,,,,5,,,,,,,,,,,,,Tasmania
578,Shipwreck ,6/20/1904 0:00,6/20/1904 0:00,-43.66054535,146.2908478,,,,9,,,,,,,,,,,,,Tasmania
579,Shipwreck ,1593,1593,-43.897892,145.6567383,,,,17,,,,,,,,,,,,,Tasmania
580,Shipwreck ,15/11/1898 00:00:00,15/11/1898 00:00:00,-43.25670624,147.5697327,,,,3,,,,,,,,,,,,,Tasmania
581,Shipwreck ,3079,3079,-40.1872673,147.0959473,,,,27,,,,,,,,,,,,,Tasmania
582,Shipwreck ,8/13/1907 0:00,8/13/1907 0:00,-42.20817566,145.211792,,,,6,,,,,,,,,,,,,Tasmania
583,Shipwreck ,7649,7649,-39.70718765,144.2285156,,,,12,,,,,,,,,,,,,Tasmania
584,Shipwreck ,2840,2840,-43.36412811,145.8242798,,,,11,,,,,,,,,,,,,Tasmania
585,Shipwreck ,32964,32964,-40.72228241,148.012619,,,,6,,,,,,,,,,,,,Tasmania
586,Urban Fire ,11/18/2011 0:00,11/18/2011 0:00,-33.87269592,151.2069855,,,32,10,,,,1,,,,,,,,,New South Wales
587,Bushfire ,11/23/2011 0:00,40706,-34.31492233,115.159256,,,,,53000000,,32,,13,,,,,,,,Western Australia
588,Flood ,11/27/2011 0:00,40645,-29.46429825,149.8447876,,,,1,,,,,,,,,,,,,New South Wales
589,Shipwreck ,08/10/1834 00:00:00,08/10/1834 00:00:00,-31.42851639,152.9370728,,,,15,,,,,,,,,,,,,New South Wales
590,Shipwreck ,6/27/1950 0:00,6/27/1950 0:00,-30.93241501,153.0920715,,,,17,,,,,,,,,,,,,New South Wales
591,Bushfire ,40551,10/31/2011 0:00,-25.48295021,151.2158203,,,,,,,,,,,,,,,,,Queensland
592,Bushfire ,2/20/1980 0:00,2/20/1980 0:00,-35.00764465,138.7087402,,,,,13000000,,51,,1,,,,,,,,South Australia
593,Shipwreck ,12/15/2010 0:00,12/15/2010 0:00,-10.42231274,105.6690369,,,2,50,,,,,,,,,,,,,Outside Australia
594,Severe Storm ,12/25/2011 0:00,12/26/2011 0:00,-37.71207047,145.1486206,,,,,728640000,,,,,,,,,,,,Victoria
595,Complex Emergencies ,12/25/2011 0:00,12/27/2011 0:00,-11.31848145,132.2575378,,,2,,,,,,,,,,,,,,Northern Territory
596,Shipwreck ,1/20/1942 0:00,1/20/1942 0:00,-12.24339199,130.0341797,,,,75,,,,,,,,,,,,,Northern Territory
597,Shipwreck ,15865,15865,-8.276726723,136.1425781,,,5,3,,,,,,,,,,,,,Northern Territory
598,Shipwreck ,12/24/1974 0:00,12/24/1974 0:00,-12.1843338,130.2319336,,,,3,,,,,,,,,,,,,Northern Territory
599,Shipwreck ,12/24/1974 0:00,12/24/1974 0:00,-12.47588444,130.8510742,,,,5,,,,,,,,,,,,,Northern Territory
600,Shipwreck ,25/11/1839 00:00:00,25/11/1839 00:00:00,-12.38108444,130.8186646,,,,12,,,,,,,,,,,,,Northern Territory
601,Shipwreck ,17544,17544,-12.46406746,130.8306885,,,,12,,,,,,,,,,,,,Northern Territory
602,Environmental ,12/30/2011 0:00,41000,-34.12544632,140.9765625,,,45,,,,,,,,,,,,,,South Australia
603,Complex Emergencies ,14033,14033,-33.89019012,151.274231,,,95,5,,,,,,,,,,,,,New South Wales
604,Shipwreck ,9932,9932,-33.85609055,151.2471466,,,,40,,,,,,,,,,,,,New South Wales
605,Shipwreck ,3/26/1935 0:00,3/26/1935 0:00,-16.85974884,122.1707153,,,,141,,,,,,,,,,,,,Western Australia
606,Transport ,1/29/2001 0:00,1/29/2001 0:00,-34.472175,138.99662,,,26,1,,,,,,,,,,,,,South Australia
607,Transport ,10/24/2002 0:00,10/24/2002 0:00,-34.76373672,138.6423645,,,26,4,,,,,,,,,,,,,South Australia
608,Hail ,1/22/1991 0:00,1/22/1991 0:00,-34.9287262,138.5999451,,,,,30000000,,,,,,,,,,,,South Australia
609,Flood ,20673,20466,-34.91437912,139.3115845,,,,,,,,,,,,,,,,,South Australia
610,Environmental ,12/31/1959 0:00,21976,-27.51801491,135.43396,,,18,13,,,,,,,,,,,,,South Australia
612,Flood ,1/24/2012 0:00,3/13/2012 0:00,-30.29301643,153.1159363,,,,3,108212000,,,,,,,,,,,47247000,New South Wales
613,Flood ,1/24/2012 0:00,3/13/2012 0:00,-23.51173782,148.1609344,,,,2,124688000,,,,,,,,,,,11749000,Queensland
614,Shipwreck ,4/15/1991 0:00,4/15/1991 0:00,-31.653381,74.882813,,,,27,,,,,,,,,,,,,Western Australia
615,Flood ,2/26/2012 0:00,3/15/2012 0:00,-36.12789154,141.9927979,,,,,108212000,,,,,,,,,,,7773000,Victoria
616,Cyclone,5/21/1988 0:00,5/22/1988 0:00,-24.88456726,113.6291885,,,,,20000000,,,,,,,,,,,,Western Australia
617,Environmental ,2569,2/28/1908 0:00,-27.47077179,153.0236359,,,,246,,,,,,,,,,,,,Northern Territory
617,Environmental ,2569,2/28/1908 0:00,-27.47077179,153.0236359,,,,246,,,,,,,,,,,,,Queensland
617,Environmental ,2569,2/28/1908 0:00,-27.47077179,153.0236359,,,,246,,,,,,,,,,,,,New South Wales
617,Environmental ,2569,2/28/1908 0:00,-27.47077179,153.0236359,,,,246,,,,,,,,,,,,,Australian Capital Territory
617,Environmental ,2569,2/28/1908 0:00,-27.47077179,153.0236359,,,,246,,,,,,,,,,,,,South Australia
617,Environmental ,2569,2/28/1908 0:00,-27.47077179,153.0236359,,,,246,,,,,,,,,,,,,Western Australia
617,Environmental ,2569,2/28/1908 0:00,-27.47077179,153.0236359,,,,246,,,,,,,,,,,,,Tasmania
617,Environmental ,2569,2/28/1908 0:00,-27.47077179,153.0236359,,,,246,,,,,,,,,,,,,Victoria
618,Environmental ,01/12/1895 00:00:00,28/02/1896 00:00:00,-32.2499733,147.3815918,,,,431,,,,,,,,,,,,,Queensland
618,Environmental ,01/12/1895 00:00:00,28/02/1896 00:00:00,-32.2499733,147.3815918,,,,431,,,,,,,,,,,,,New South Wales
618,Environmental ,01/12/1895 00:00:00,28/02/1896 00:00:00,-32.2499733,147.3815918,,,,431,,,,,,,,,,,,,Australian Capital Territory
618,Environmental ,01/12/1895 00:00:00,28/02/1896 00:00:00,-32.2499733,147.3815918,,,,431,,,,,,,,,,,,,South Australia
618,Environmental ,01/12/1895 00:00:00,28/02/1896 00:00:00,-32.2499733,147.3815918,,,,431,,,,,,,,,,,,,Western Australia
618,Environmental ,01/12/1895 00:00:00,28/02/1896 00:00:00,-32.2499733,147.3815918,,,,431,,,,,,,,,,,,,Northern Territory
618,Environmental ,01/12/1895 00:00:00,28/02/1896 00:00:00,-32.2499733,147.3815918,,,,431,,,,,,,,,,,,,Tasmania
618,Environmental ,01/12/1895 00:00:00,28/02/1896 00:00:00,-32.2499733,147.3815918,,,,431,,,,,,,,,,,,,Victoria
619,Environmental ,4761,2/28/1914 0:00,-30.47708321,136.9116211,,,,122,,,,,,,,,,,,,Queensland
619,Environmental ,4761,2/28/1914 0:00,-30.47708321,136.9116211,,,,122,,,,,,,,,,,,,New South Wales
619,Environmental ,4761,2/28/1914 0:00,-30.47708321,136.9116211,,,,122,,,,,,,,,,,,,Australian Capital Territory
619,Environmental ,4761,2/28/1914 0:00,-30.47708321,136.9116211,,,,122,,,,,,,,,,,,,South Australia
619,Environmental ,4761,2/28/1914 0:00,-30.47708321,136.9116211,,,,122,,,,,,,,,,,,,Western Australia
619,Environmental ,4761,2/28/1914 0:00,-30.47708321,136.9116211,,,,122,,,,,,,,,,,,,Northern Territory
619,Environmental ,4761,2/28/1914 0:00,-30.47708321,136.9116211,,,,122,,,,,,,,,,,,,Tasmania
619,Environmental ,4761,2/28/1914 0:00,-30.47708321,136.9116211,,,,122,,,,,,,,,,,,,Victoria
620,Environmental ,7317,2/28/1921 0:00,-34.63772964,143.5528564,,,,147,,,,,,,,,,,,,Queensland
620,Environmental ,7317,2/28/1921 0:00,-34.63772964,143.5528564,,,,147,,,,,,,,,,,,,New South Wales
620,Environmental ,7317,2/28/1921 0:00,-34.63772964,143.5528564,,,,147,,,,,,,,,,,,,Australian Capital Territory
620,Environmental ,7317,2/28/1921 0:00,-34.63772964,143.5528564,,,,147,,,,,,,,,,,,,South Australia
620,Environmental ,7317,2/28/1921 0:00,-34.63772964,143.5528564,,,,147,,,,,,,,,,,,,Western Australia
620,Environmental ,7317,2/28/1921 0:00,-34.63772964,143.5528564,,,,147,,,,,,,,,,,,,Northern Territory
620,Environmental ,7317,2/28/1921 0:00,-34.63772964,143.5528564,,,,147,,,,,,,,,,,,,Tasmania
620,Environmental ,7317,2/28/1921 0:00,-34.63772964,143.5528564,,,,147,,,,,,,,,,,,,Victoria
621,Environmental ,13892,2/28/1939 0:00,-37.80978394,144.9536133,,,,438,,,,,,,,,,,,,Queensland
621,Environmental ,13892,2/28/1939 0:00,-37.80978394,144.9536133,,,,438,,,,,,,,,,,,,New South Wales
621,Environmental ,13892,2/28/1939 0:00,-37.80978394,144.9536133,,,,438,,,,,,,,,,,,,Australian Capital Territory
621,Environmental ,13892,2/28/1939 0:00,-37.80978394,144.9536133,,,,438,,,,,,,,,,,,,South Australia
621,Environmental ,13892,2/28/1939 0:00,-37.80978394,144.9536133,,,,438,,,,,,,,,,,,,Western Australia
621,Environmental ,13892,2/28/1939 0:00,-37.80978394,144.9536133,,,,438,,,,,,,,,,,,,Northern Territory
621,Environmental ,13892,2/28/1939 0:00,-37.80978394,144.9536133,,,,438,,,,,,,,,,,,,Tasmania
621,Environmental ,13892,2/28/1939 0:00,-37.80978394,144.9536133,,,,438,,,,,,,,,,,,,Victoria
622,Environmental ,14257,2/28/1940 0:00,-23.55391693,148.1561279,,,,112,,,,,,,,,,,,,Queensland
622,Environmental ,14257,2/28/1940 0:00,-23.55391693,148.1561279,,,,112,,,,,,,,,,,,,New South Wales
622,Environmental ,14257,2/28/1940 0:00,-23.55391693,148.1561279,,,,112,,,,,,,,,,,,,Australian Capital Territory
622,Environmental ,14257,2/28/1940 0:00,-23.55391693,148.1561279,,,,112,,,,,,,,,,,,,South Australia
622,Environmental ,14257,2/28/1940 0:00,-23.55391693,148.1561279,,,,112,,,,,,,,,,,,,Western Australia
622,Environmental ,14257,2/28/1940 0:00,-23.55391693,148.1561279,,,,112,,,,,,,,,,,,,Northern Territory
622,Environmental ,14257,2/28/1940 0:00,-23.55391693,148.1561279,,,,112,,,,,,,,,,,,,Tasmania
622,Environmental ,14257,2/28/1940 0:00,-23.55391693,148.1561279,,,,112,,,,,,,,,,,,,Victoria
623,Environmental ,21562,2/28/1960 0:00,-27.47103882,153.0231934,,,,98,,,,,,,,,,,,,Queensland
623,Environmental ,21562,2/28/1960 0:00,-27.47103882,153.0231934,,,,98,,,,,,,,,,,,,New South Wales
623,Environmental ,21562,2/28/1960 0:00,-27.47103882,153.0231934,,,,98,,,,,,,,,,,,,Australian Capital Territory
623,Environmental ,21562,2/28/1960 0:00,-27.47103882,153.0231934,,,,98,,,,,,,,,,,,,South Australia
623,Environmental ,21562,2/28/1960 0:00,-27.47103882,153.0231934,,,,98,,,,,,,,,,,,,Western Australia
623,Environmental ,21562,2/28/1960 0:00,-27.47103882,153.0231934,,,,98,,,,,,,,,,,,,Northern Territory
623,Environmental ,21562,2/28/1960 0:00,-27.47103882,153.0231934,,,,98,,,,,,,,,,,,,Tasmania
623,Environmental ,21562,2/28/1960 0:00,-27.47103882,153.0231934,,,,98,,,,,,,,,,,,,Victoria
624,Environmental ,26310,2/28/1973 0:00,-34.20612335,142.1361389,,,,99,,,,,,,,,,,,,Queensland
624,Environmental ,26310,2/28/1973 0:00,-34.20612335,142.1361389,,,,99,,,,,,,,,,,,,New South Wales
624,Environmental ,26310,2/28/1973 0:00,-34.20612335,142.1361389,,,,99,,,,,,,,,,,,,Australian Capital Territory
624,Environmental ,26310,2/28/1973 0:00,-34.20612335,142.1361389,,,,99,,,,,,,,,,,,,South Australia
624,Environmental ,26310,2/28/1973 0:00,-34.20612335,142.1361389,,,,99,,,,,,,,,,,,,Western Australia
624,Environmental ,26310,2/28/1973 0:00,-34.20612335,142.1361389,,,,99,,,,,,,,,,,,,Northern Territory
624,Environmental ,26310,2/28/1973 0:00,-34.20612335,142.1361389,,,,99,,,,,,,,,,,,,Tasmania
624,Environmental ,26310,2/28/1973 0:00,-34.20612335,142.1361389,,,,99,,,,,,,,,,,,,Victoria
625,Environmental ,9509,2/28/1927 0:00,-33.87330246,151.2070618,,,,130,,,,,,,,,,,,,Queensland
625,Environmental ,9509,2/28/1927 0:00,-33.87330246,151.2070618,,,,130,,,,,,,,,,,,,New South Wales
625,Environmental ,9509,2/28/1927 0:00,-33.87330246,151.2070618,,,,130,,,,,,,,,,,,,Australian Capital Territory
625,Environmental ,9509,2/28/1927 0:00,-33.87330246,151.2070618,,,,130,,,,,,,,,,,,,South Australia
625,Environmental ,9509,2/28/1927 0:00,-33.87330246,151.2070618,,,,130,,,,,,,,,,,,,Western Australia
625,Environmental ,9509,2/28/1927 0:00,-33.87330246,151.2070618,,,,130,,,,,,,,,,,,,Northern Territory
625,Environmental ,9509,2/28/1927 0:00,-33.87330246,151.2070618,,,,130,,,,,,,,,,,,,Tasmania
625,Environmental ,9509,2/28/1927 0:00,-33.87330246,151.2070618,,,,130,,,,,,,,,,,,,Victoria
626,Transport ,6/30/1948 0:00,6/30/1948 0:00,-34.54486465,148.3677063,,,18,4,,,,,,,,,,,,,New South Wales
627,Bushfire ,1/18/2003 0:00,1/19/2003 0:00,-35.34656525,149.035675,,,435,4,350000000,,488,,,,,,,,,,Australian Capital Territory
628,Transport ,40125,40125,-9.112944603,147.991333,,,,13,,,,,,,,,,,,,Outside Australia
629,Earthquake ,2/22/2011 0:00,2/22/2011 0:00,-43.52465439,172.6384735,,,6659,185,370000000,100000,3500,,,,,,,,,,Outside Australia
2029,Flood ,41005.65833,6/22/2012 15:48,-38.20797348,146.7443848,,,,,,,,,,,,,,,,,Victoria
2118,Severe Storm ,41096.63403,6/13/2012 15:13,-31.95048714,115.8570099,,,,1,,,,,,,,,,,,,Western Australia
2182,Shipwreck ,6/27/2012 15:02,6/27/2012 15:02,-10.32133675,105.610199,,,,4,,,,,,,,,,,,,Outside Australia
2184,Shipwreck ,4/16/2009 0:00,4/16/2009 0:00,-11.6952734,125.9033203,,,24,5,,,,,,,,,,,,,Outside Australia
2185,Shipwreck ,10/19/2001 15:50,10/19/2001 15:50,-9.514079094,106.105957,,,45,353,,,,,,,,,,,,,Outside Australia
2186,Shipwreck ,6/21/2012 16:14,6/21/2012 16:14,-9.102096558,106.3037109,0,,110,100,,,,,,,,,,,,,Outside Australia
2799,Landslide ,9/27/1996 14:50,9/27/1996 14:50,-33.85794449,114.9841995,,,3,9,,,,,,,,,,,,,Western Australia
2954,Transport ,26673.60208,26673.60208,-35.96446228,148.4091644,,,21,18,,,,,,,1,,,,,,New South Wales
3098,Transport ,37842.39583,37842.39583,58.36400604,-4.236773968,,,24,,,,,,,,,,,,,,Outside Australia
3100,Flood ,14/02/1863 14:43:12,23/02/1863 14:43:12,-31.08042908,152.8459167,,,,10,,,,,,,,,,,,,Queensland
3100,Flood ,14/02/1863 14:43:12,23/02/1863 14:43:12,-31.08042908,152.8459167,,,,10,,,,,,,,,,,,,New South Wales
3121,Shipwreck ,9440.494444,9440.494444,-38.10970688,140.7087708,,,,5,,,,,,,,,,,,,South Australia
3126,Industrial ,6/21/2006 14:11,6/21/2006 14:11,-41.34382629,145.2392578,,,,,,,,,,,,,,,,,Tasmania
3133,Shipwreck ,05/05/1898 15:37:48,05/05/1898 15:37:48,-33.48185349,151.4530487,,,,21,,,,,,,,,,,,,New South Wales
3159,Bushfire ,36744.60556,36744.60556,-33.65177917,151.1330872,,,3,4,,,,,,,,,,,,,New South Wales
3301,Flood ,40819.39167,3/14/2011 9:24,-17.01690102,128.2159424,,,,,,,76,,,,,,,,,,Western Australia
3315,Environmental ,35065.56875,40912.56875,-28.61345863,148.8867188,,,,,,,,,,,,,,,,,Queensland
3315,Environmental ,35065.56875,40912.56875,-28.61345863,148.8867188,,,,,,,,,,,,,,,,,New South Wales
3315,Environmental ,35065.56875,40912.56875,-28.61345863,148.8867188,,,,,,,,,,,,,,,,,Australian Capital Territory
3315,Environmental ,35065.56875,40912.56875,-28.61345863,148.8867188,,,,,,,,,,,,,,,,,Victoria
3315,Environmental ,35065.56875,40912.56875,-28.61345863,148.8867188,,,,,,,,,,,,,,,,,South Australia
3315,Environmental ,35065.56875,40912.56875,-28.61345863,148.8867188,,,,,,,,,,,,,,,,,Western Australia
3315,Environmental ,35065.56875,40912.56875,-28.61345863,148.8867188,,,,,,,,,,,,,,,,,Outside Australia
3315,Environmental ,35065.56875,40912.56875,-28.61345863,148.8867188,,,,,,,,,,,,,,,,,Northern Territory
3413,Bushfire ,41334.57569,1/14/2013 13:49,-42.87797546,147.8100586,1000,,,1,87100000,,203,,212,,,,,,,7845400,Tasmania
3415,Epidemic ,12/25/2012 13:34,41610.56528,-33.84030151,151.2078094,,,26,3,,,,,,,,,,,,,Queensland
3415,Epidemic ,12/25/2012 13:34,41610.56528,-33.84030151,151.2078094,,,26,3,,,,,,,,,,,,,New South Wales
3415,Epidemic ,12/25/2012 13:34,41610.56528,-33.84030151,151.2078094,,,26,3,,,,,,,,,,,,,Australian Capital Territory
3415,Epidemic ,12/25/2012 13:34,41610.56528,-33.84030151,151.2078094,,,26,3,,,,,,,,,,,,,Victoria
3415,Epidemic ,12/25/2012 13:34,41610.56528,-33.84030151,151.2078094,,,26,3,,,,,,,,,,,,,South Australia
3415,Epidemic ,12/25/2012 13:34,41610.56528,-33.84030151,151.2078094,,,26,3,,,,,,,,,,,,,Western Australia
3415,Epidemic ,12/25/2012 13:34,41610.56528,-33.84030151,151.2078094,,,26,3,,,,,,,,,,,,,Northern Territory
3415,Epidemic ,12/25/2012 13:34,41610.56528,-33.84030151,151.2078094,,,26,3,,,,,,,,,,,,,Tasmania
3437,Bushfire ,41456.61181,1/20/2013 14:41,-31.28676605,149.2005157,,,1,,35000000,,51,,,,,,,,12000,1015600,New South Wales
3487,Cyclone,1/21/2013 9:49,1/29/2013 9:49,-24.86587906,152.3446655,9000,,,6,1098000000,,,,,,,,,,,153600000,Queensland
3487,Cyclone,1/21/2013 9:49,1/29/2013 9:49,-24.86587906,152.3446655,9000,,,6,1098000000,,,,,,,,,,,153600000,New South Wales
3495,Chemical ,8/21/1991 11:36,8/22/1991 11:36,-37.81663132,144.916626,,,,,21300000,,,,,,,,,,,,Victoria
3532,Epidemic ,3/24/2013 10:45,3/29/2013 10:45,-42.89960861,147.8031921,,,180,,,,,,,,,,,,,,Tasmania
3533,Complex Emergencies ,3/29/2013 11:41,3/29/2013 11:41,-37.80727386,144.9635773,,,,3,,,,,,,,,,,,,Victoria
3575,Tornado ,3/21/2013 11:31,3/21/2013 11:31,-35.88181686,145.5750275,,,24,,,,,33,24,,,,,,,,New South Wales
3575,Tornado ,3/21/2013 11:31,3/21/2013 11:31,-35.88181686,145.5750275,,,24,,,,,33,24,,,,,,,,Victoria
3751,Epidemic ,41613.48542,5/19/2013 11:39,-35.25020981,149.140564,,,140,,,,,,,,,,,,,,Australian Capital Territory
4160,Transport ,8/13/1940 0:00,8/13/1940 0:00,-35.34761429,149.2296906,,,,10,,,,,,,,,,,,,Australian Capital Territory
4162,Transport ,12/19/1943 0:00,12/19/1943 0:00,-22.90400887,150.5044556,,,,31,,,,,,,,,,,,,Queensland
4163,Tornado ,1/26/2013 0:00,1/26/2013 0:00,-24.8135376,152.4643097,0,,20,,,,,,,,,,,,,,Queensland
4165,Hail ,28044,28044,-33.86086655,151.0230408,,,10,,40000000,,,,,,,,,,,,New South Wales
4166,Flood ,38575,38575,-34.64535522,138.5066986,,,,,,,,,,,,,,,,,South Australia
4212,Envionmental ,12/27/2012 0:00,1/19/2013 0:00,-25.24469566,133.59375,,,240,,,,,,,,,,,,,,Queensland
4212,Envionmental ,12/27/2012 0:00,1/19/2013 0:00,-25.24469566,133.59375,,,240,,,,,,,,,,,,,,New South Wales
4212,Envionmental ,12/27/2012 0:00,1/19/2013 0:00,-25.24469566,133.59375,,,240,,,,,,,,,,,,,,Victoria
4212,Envionmental ,12/27/2012 0:00,1/19/2013 0:00,-25.24469566,133.59375,,,240,,,,,,,,,,,,,,South Australia
4212,Envionmental ,12/27/2012 0:00,1/19/2013 0:00,-25.24469566,133.59375,,,240,,,,,,,,,,,,,,Western Australia
4364,Transport ,10/16/2013 0:00,10/16/2013 0:00,15.11235714,105.7991104,,,,49,,,,,,,,,,,,,Outside Australia
4413,Flood ,01/03/1893 11:13:49,01/03/1893 11:13:49,-32.7322731,151.5576782,,,,8,,,,,,,,,,,,,New South Wales
4415,Industrial ,3/17/1900 11:28,3/17/1900 11:28,-33.85673141,151.1811676,,,,5,,,,,,,,,,,,,New South Wales
4417,Industrial ,4/20/1945 11:57,4/20/1945 11:57,-33.85723114,151.1811829,,,2,3,,,,,,,,,,,,,New South Wales
4470,Environmental ,10/22/2013 0:00,41528,-33.9127388,151.2414856,,,228,,,,,,,,,,,,,,New South Wales
4534,Shipwreck ,21/10/1861 00:00:00,21/10/1861 00:00:00,-38.0618782,140.6661987,,,,6,,,,,,,,,,,,,South Australia
4535,Shipwreck ,15/12/1876 00:00:00,15/12/1876 00:00:00,-34.9715004,138.5121918,,,,6,,,,,,,,,,,,,South Australia
4658,Shipwreck ,7/16/2013 0:00,7/16/2013 0:00,-10.40137768,105.3369141,,,0,4,,,,,,,,,,,,,Outside Australia
4674,Flood ,6211,6362,-20.82736778,144.2010498,,,,5,,,,,,,,,,,,,Queensland
4781,Bushfire ,10/13/2013 0:00,11/13/2013 0:00,-33.64834976,150.3664398,,,,2,183400000,,200,,,,,,,,,,New South Wales
4790,Bushfire ,41944.43542,1/14/2014 10:27,-31.87464142,116.1416245,,,,1,15000000,,52,,,,,,,,,,Western Australia
4929,"Environmental  Drought, Queensland and New South Wales 2012",40912.49306,2/19/2014 11:50,-27.29368973,149.4580078,,,,,,,,,,,,,,,,,Queensland
4929,"Environmental  Drought, Queensland and New South Wales 2012",40912.49306,2/19/2014 11:50,-27.29368973,149.4580078,,,,,,,,,,,,,,,,,New South Wales
4946,Bushfire ,1/15/2014 10:59,1/21/2014 10:59,-37.12911987,142.5196228,,,,,,,,,30,,,,,,7000,,Victoria
4960,Environmental ,41944,1/21/2014 0:00,-33.28461838,140.9765625,,,0,,,,,,,,,,,,80,,Queensland
4960,Environmental ,41944,1/21/2014 0:00,-33.28461838,140.9765625,,,0,,,,,,,,,,,,80,,New South Wales
4960,Environmental ,41944,1/21/2014 0:00,-33.28461838,140.9765625,,,0,,,,,,,,,,,,80,,Victoria
4960,Environmental ,41944,1/21/2014 0:00,-33.28461838,140.9765625,,,0,,,,,,,,,,,,80,,South Australia
4960,Environmental ,41944,1/21/2014 0:00,-33.28461838,140.9765625,,,0,,,,,,,,,,,,80,,Western Australia
4960,Environmental ,41944,1/21/2014 0:00,-33.28461838,140.9765625,,,0,,,,,,,,,,,,80,,Tasmania
5013,Flood ,12/16/2010 0:00,12/20/2010 0:00,-24.83908844,113.7496948,,,,,,,,,,,,,,,2000,,Queensland
5015,Bushfire ,41884.47431,2/14/2014 11:23,-37.56471634,144.8931885,,,3,,,29,40,,,,,,,,10600,,Victoria
5041,Complex Emergencies ,41884,3/19/2014 0:00,-38.23251724,146.3935089,0,,0,,,,,,,,,,,,,,Victoria
5044,Transport ,3/22/2014 0:00,3/22/2014 0:00,-27.03710938,152.9489136,,,,5,,,,,,,,,,,,,Queensland
